Time,BTC_total_value,Fiat_total_value,GRS,BTC,VTC,FTC,DGB,ETH,ZEC,ZCL,XZC,MUSIC,MONA,ZEN,BTG
1513588256,0.0008010084309869999,15.112,0.05373253,1.866e-05,0.19379887,4.86029783,64.53090691,1.859e-05,0.00276281,0.05351203,0.01256144,0.17891316,0.28986671,0.02724391,0.0023089399999999998
1513588269,0.0008010087561260999,15.112,0.05373253,1.866e-05,0.19379887,4.86029783,64.53090691,1.859e-05,0.00276281,0.05351203,0.01256144,0.17891316,0.28986671,0.02724391,0.0023089399999999998
1513588281,0.0008010087561260999,15.112,0.05373253,1.866e-05,0.19379887,4.86029783,64.53090691,1.859e-05,0.00276281,0.05351203,0.01256144,0.17891316,0.28986671,0.02724391,0.0023089399999999998
1513588373,0.0008007471965244999,15.105,0.05373253,1.866e-05,0.19379887,4.86029783,64.53090691,1.859e-05,0.00276281,0.05351203,0.01256144,0.17891316,0.28986671,0.02724391,0.0023089399999999998
1513588435,0.0008006693663168999,15.101,0.05373253,1.866e-05,0.19379887,4.86029783,64.53090691,1.859e-05,0.00276281,0.05351203,0.01256144,0.17891316,0.28986671,0.02724391,0.0023089399999999998
1513588497,0.0008016871260307,15.113,0.05373253,1.866e-05,0.19379887,4.86029783,64.53090691,1.859e-05,0.00276281,0.05351203,0.01256144,0.17891316,0.28986671,0.02724391,0.0023089399999999998
1513588563,0.0008006979729259001,15.087,0.05373253,1.866e-05,0.19379887,4.86029783,64.53090691,1.859e-05,0.00276281,0.05351203,0.01256144,0.17891316,0.28986671,0.02724391,0.0023089399999999998
1513588625,0.0008023920450174,15.114,0.05373253,1.866e-05,0.19379887,4.86029783,64.53090691,1.859e-05,0.00276281,0.05351203,0.01256144,0.17891316,0.28986671,0.02724391,0.0023089399999999998
1513588688,0.0007993803432063,15.045,0.05373253,1.866e-05,0.19379887,4.86029783,64.53090691,1.859e-05,0.00276281,0.05351203,0.01256144,0.17891316,0.28986671,0.02724391,0.0023089399999999998
1513588750,0.0008006808143733,15.076,0.05373253,1.866e-05,0.19379887,4.86029783,64.53090691,1.859e-05,0.00276281,0.05351203,0.01256144,0.17891316,0.28986671,0.02724391,0.0023089399999999998
1513588815,0.0008035014251133001,15.109,0.05373253,1.866e-05,0.19379887,4.86029783,64.53090691,1.859e-05,0.00276281,0.05351203,0.01256144,0.17891316,0.28986671,0.02724391,0.0023089399999999998
1513588878,0.0008038044360448001,15.117,0.05373253,1.866e-05,0.19379887,4.86029783,64.53090691,1.859e-05,0.00276281,0.05351203,0.01256144,0.17891316,0.28986671,0.02724391,0.0023089399999999998
1513588940,0.0008066640653588,15.174,0.05373253,1.866e-05,0.19379887,4.86029783,64.53090691,1.859e-05,0.00276281,0.05351203,0.01256144,0.17891316,0.28986671,0.02724391,0.0023089399999999998
1513589003,0.0008052104708653002,15.12,0.05373253,1.866e-05,0.19379887,4.86029783,64.53090691,1.859e-05,0.00276281,0.05351203,0.01256144,0.17891316,0.28986671,0.02724391,0.0023089399999999998
1513589066,0.0008065908098789001,15.126,0.05373253,1.866e-05,0.19379887,4.86029783,64.53090691,1.859e-05,0.00276281,0.05351203,0.01256144,0.17891316,0.28986671,0.02724391,0.0023089399999999998
1513589130,0.000819618404832,15.359,0.05373253,1.866e-05,0.19407622,4.88960775,64.53090691,1.859e-05,0.00276281,0.05351203,0.01256144,0.17891316,0.30714862000000004,0.02724391,0.0023089399999999998
1513589192,0.0008202186703799001,15.371,0.05373253,1.866e-05,0.19407622,4.88960775,64.53090691,1.859e-05,0.00276281,0.05351203,0.01256144,0.17891316,0.30714862000000004,0.02724391,0.0023089399999999998
1513589254,0.0008223902939045999,15.402,0.05373253,1.866e-05,0.19407622,4.88960775,64.53090691,1.859e-05,0.00276281,0.05351203,0.01256144,0.17891316,0.30714862000000004,0.02724391,0.0023089399999999998
1513589317,0.0008211070893724001,15.377,0.05373253,1.866e-05,0.19407622,4.88960775,64.53090691,1.859e-05,0.00276281,0.05351203,0.01256144,0.17891316,0.30714862000000004,0.02724391,0.0023089399999999998
1513589379,0.0008206319588284001,15.38,0.05373253,1.866e-05,0.19407622,4.88960775,64.53090691,1.859e-05,0.00276281,0.05351203,0.01256144,0.17891316,0.30714862000000004,0.02724391,0.0023089399999999998
1513589442,0.0008208637454495,15.428,0.05373253,1.866e-05,0.19407622,4.88960775,64.53090691,1.859e-05,0.00276281,0.05351203,0.01256144,0.17891316,0.30714862000000004,0.02724391,0.0023089399999999998
1513589504,0.0008180847628536,15.354,0.05373253,1.866e-05,0.19407622,4.88960775,64.53090691,1.859e-05,0.00276281,0.05351203,0.01256144,0.17891316,0.30714862000000004,0.02724391,0.0023089399999999998
1513589567,0.0008190625851118,15.394,0.05373253,1.866e-05,0.19407622,4.88960775,64.53090691,1.859e-05,0.00276281,0.05351203,0.01256144,0.17891316,0.30714862000000004,0.02724391,0.0023089399999999998
1513589629,0.0008192837463163999,15.388,0.05373253,1.866e-05,0.19407622,4.88960775,64.53090691,1.859e-05,0.00276281,0.05351203,0.01256144,0.17891316,0.30714862000000004,0.02724391,0.0023089399999999998
1513589692,0.0008199712818281001,15.416,0.05373253,1.866e-05,0.19407622,4.88960775,64.53090691,1.859e-05,0.00276281,0.05351203,0.01256144,0.17891316,0.30714862000000004,0.02724391,0.0023089399999999998
1513589755,0.0008201666632743999,15.397,0.05373253,1.866e-05,0.19407622,4.88960775,64.53090691,1.859e-05,0.00276281,0.05351203,0.01256144,0.17891316,0.30714862000000004,0.02724391,0.0023089399999999998
1513589818,0.0008205063333058,15.411,0.05373253,1.866e-05,0.19407622,4.88960775,64.53090691,1.859e-05,0.00276281,0.05351203,0.01256144,0.17891316,0.30714862000000004,0.02724391,0.0023089399999999998
1513589880,0.0008196377761088001,15.398,0.05373253,1.866e-05,0.19407622,4.88960775,64.53090691,1.859e-05,0.00276281,0.05351203,0.01256144,0.17891316,0.30714862000000004,0.02724391,0.0023089399999999998
1513589944,0.0008204486300211999,15.407,0.05373253,1.866e-05,0.19407622,4.88960775,64.53090691,1.859e-05,0.00276281,0.05351203,0.01256144,0.17891316,0.30714862000000004,0.02724391,0.0023089399999999998
1513590010,0.0008205954723213999,15.41,0.05373253,1.866e-05,0.19407622,4.88960775,64.53090691,1.859e-05,0.00276281,0.05351203,0.01256144,0.17891316,0.30714862000000004,0.02724391,0.0023089399999999998
1513590072,0.0008199842710590998,15.418,0.05373253,1.866e-05,0.19407622,4.88960775,64.53090691,1.859e-05,0.00276281,0.05351203,0.01256144,0.17891316,0.30714862000000004,0.02724391,0.0023089399999999998
1513590135,0.0008201056620111,15.429,0.05373253,1.866e-05,0.19407622,4.88960775,64.53090691,1.859e-05,0.00276281,0.05351203,0.01256144,0.17891316,0.30714862000000004,0.02724391,0.0023089399999999998
1513590198,0.0008218179602239,15.483,0.05373253,1.866e-05,0.19407622,4.88960775,64.53090691,1.859e-05,0.00276281,0.05351203,0.01256144,0.17891316,0.30714862000000004,0.02724391,0.0023089399999999998
1513590266,0.0008218900060521,15.488,0.05373253,1.866e-05,0.19407622,4.88960775,64.53090691,1.859e-05,0.00276281,0.05351203,0.01256144,0.17891316,0.30714862000000004,0.02724391,0.0023089399999999998
1513590329,0.0008225984390179,15.502,0.05373253,1.866e-05,0.19407622,4.88960775,64.53090691,1.859e-05,0.00276281,0.05351203,0.01256144,0.17891316,0.30714862000000004,0.02724391,0.0023089399999999998
1513590392,0.0008253042847271999,15.552,0.05373253,1.866e-05,0.19407622,4.88960775,64.53090691,1.859e-05,0.00276281,0.05351203,0.01256144,0.17891316,0.30714862000000004,0.02724391,0.0023089399999999998
1513590454,0.0008265915203896,15.573,0.05373253,1.866e-05,0.19407622,4.88960775,64.53090691,1.859e-05,0.00276281,0.05351203,0.01256144,0.17891316,0.30714862000000004,0.02724391,0.0023089399999999998
1513590517,0.0008249827840376001,15.553,0.05373253,1.866e-05,0.19407622,4.88960775,64.53090691,1.859e-05,0.00276281,0.05351203,0.01256144,0.17891316,0.30714862000000004,0.02724391,0.0023089399999999998
1513590579,0.0008283380797422001,15.617,0.05373253,1.866e-05,0.19407622,4.88960775,64.53090691,1.859e-05,0.00276281,0.05351203,0.01256144,0.17891316,0.30714862000000004,0.02724391,0.0023089399999999998
1513590642,0.0008287078588556,15.621,0.05373253,1.866e-05,0.19407622,4.88960775,64.53090691,1.859e-05,0.00276281,0.05351203,0.01256144,0.17891316,0.30714862000000004,0.02724391,0.0023089399999999998
1513590705,0.0008283926297562999,15.614,0.05373253,1.866e-05,0.19407622,4.88960775,64.53090691,1.859e-05,0.00276281,0.05351203,0.01256144,0.17891316,0.30714862000000004,0.02724391,0.0023089399999999998
1513590768,0.0008284493156114999,15.618,0.05373253,1.866e-05,0.19407622,4.88960775,64.53090691,1.859e-05,0.00276281,0.05351203,0.01256144,0.17891316,0.30714862000000004,0.02724391,0.0023089399999999998
1513590830,0.0008268783145734,15.588,0.05373253,1.866e-05,0.19407622,4.88960775,64.53090691,1.859e-05,0.00276281,0.05351203,0.01256144,0.17891316,0.30714862000000004,0.02724391,0.0023089399999999998
1513590894,0.0008284647857151001,15.621,0.05373253,1.866e-05,0.19407622,4.88960775,64.53090691,1.859e-05,0.00276281,0.05351203,0.01256144,0.17891316,0.30714862000000004,0.02724391,0.0023089399999999998
1513590956,0.0008363162013415,15.778,0.05373253,1.866e-05,0.21068594000000002,4.889607750000001,64.53090691,1.859e-05,0.00276281,0.05351203,0.01256144,0.17891316,0.30714862000000004,0.02724391,0.0023089399999999998
1513591022,0.0008353280109336,15.754,0.05373253,1.866e-05,0.21068594000000002,4.889607750000001,64.53090691,1.859e-05,0.00276281,0.05351203,0.01256144,0.17891316,0.30714862000000004,0.02724391,0.0023089399999999998
1513591087,0.0008345743304483002,15.744,0.05373253,1.866e-05,0.21068594000000002,4.889607750000001,64.53090691,1.859e-05,0.00276281,0.05351203,0.01256144,0.17891316,0.30714862000000004,0.02724391,0.0023089399999999998
1513591151,0.0008350895195639001,15.75,0.05373253,1.866e-05,0.21068594000000002,4.889607750000001,64.53090691,1.859e-05,0.00276281,0.05351203,0.01256144,0.17891316,0.30714862000000004,0.02724391,0.0023089399999999998
1513591220,0.0008370456489828999,15.781,0.05373253,1.866e-05,0.21068594000000002,4.889607750000001,64.53090691,1.859e-05,0.00276281,0.05351203,0.01256144,0.17891316,0.30714862000000004,0.02724391,0.0023089399999999998
1513591283,0.0008362598113429001,15.777,0.05373253,1.866e-05,0.21068594000000002,4.889607750000001,64.53090691,1.859e-05,0.00276281,0.05351203,0.01256144,0.17891316,0.30714862000000004,0.02724391,0.0023089399999999998
1513591346,0.0008370437051626001,15.792,0.05373253,1.866e-05,0.21068594000000002,4.889607750000001,64.53090691,1.859e-05,0.00276281,0.05351203,0.01256144,0.17891316,0.30714862000000004,0.02724391,0.0023089399999999998
1513591409,0.0008370361995581,15.787,0.05373253,1.866e-05,0.21068594000000002,4.889607750000001,64.53090691,1.859e-05,0.00276281,0.05351203,0.01256144,0.17891316,0.30714862000000004,0.02724391,0.0023089399999999998
1513591471,0.0008377309063715999,15.791,0.05373253,1.866e-05,0.21068594000000002,4.889607750000001,64.53090691,1.859e-05,0.00276281,0.05351203,0.01256144,0.17891316,0.30714862000000004,0.02724391,0.0023089399999999998
1513591533,0.0008376002886873,15.789,0.05373253,1.866e-05,0.21068594000000002,4.889607750000001,64.53090691,1.859e-05,0.00276281,0.05351203,0.01256144,0.17891316,0.30714862000000004,0.02724391,0.0023089399999999998
1513591596,0.0008368947991964,15.78,0.05373253,1.866e-05,0.21068594000000002,4.889607750000001,64.53090691,1.859e-05,0.00276281,0.05351203,0.01256144,0.17891316,0.30714862000000004,0.02724391,0.0023089399999999998
1513591658,0.0008389564290896001,15.819,0.05373253,1.866e-05,0.21068594000000002,4.889607750000001,64.53090691,1.859e-05,0.00276281,0.05351203,0.01256144,0.17891316,0.30714862000000004,0.02724391,0.0023089399999999998
1513591721,0.0008395090535724001,15.811,0.05373253,1.866e-05,0.21068594000000002,4.889607750000001,64.53090691,1.859e-05,0.00276281,0.05351203,0.01256144,0.17891316,0.30714862000000004,0.02724391,0.0023089399999999998
1513591783,0.0008386411105919,15.796,0.05373253,1.866e-05,0.21068594000000002,4.889607750000001,64.53090691,1.859e-05,0.00276281,0.05351203,0.01256144,0.17891316,0.30714862000000004,0.02724391,0.0023089399999999998
1513591846,0.0008395072954083001,15.812,0.05373253,1.866e-05,0.21068594000000002,4.889607750000001,64.53090691,1.859e-05,0.00276281,0.05351203,0.01256144,0.17891316,0.30714862000000004,0.02724391,0.0023089399999999998
1513591908,0.0008402585604986,15.824,0.05373253,1.866e-05,0.21068594000000002,4.889607750000001,64.53090691,1.859e-05,0.00276281,0.05351203,0.01256144,0.17891316,0.30714862000000004,0.02724391,0.0023089399999999998
1513591970,0.0008396918796973999,15.817,0.05373253,1.866e-05,0.21068594000000002,4.889607750000001,64.53090691,1.859e-05,0.00276281,0.05351203,0.01256144,0.17891316,0.30714862000000004,0.02724391,0.0023089399999999998
1513592033,0.0008396470529744,15.822,0.05373253,1.866e-05,0.21068594000000002,4.889607750000001,64.53090691,1.859e-05,0.00276281,0.05351203,0.01256144,0.17891316,0.30714862000000004,0.02724391,0.0023089399999999998
1513592095,0.0008403751844105001,15.819,0.05373253,1.866e-05,0.21068594000000002,4.889607750000001,64.53090691,1.859e-05,0.00276281,0.05351203,0.01256144,0.17891316,0.30714862000000004,0.02724391,0.0023089399999999998
1513592157,0.0008391138174883001,15.802,0.05373253,1.866e-05,0.21068594000000002,4.889607750000001,64.53090691,1.859e-05,0.00276281,0.05351203,0.01256144,0.17891316,0.30714862000000004,0.02724391,0.0023089399999999998
1513592220,0.000838386725574,15.786,0.05373253,1.866e-05,0.21068594000000002,4.889607750000001,64.53090691,1.859e-05,0.00276281,0.05351203,0.01256144,0.17891316,0.30714862000000004,0.02724391,0.0023089399999999998
1513592284,0.0008382637299162002,15.802,0.05373253,1.866e-05,0.21068594000000002,4.889607750000001,64.53090691,1.859e-05,0.00276281,0.05351203,0.01256144,0.17891316,0.30714862000000004,0.02724391,0.0023089399999999998
1513592348,0.0008377422135793001,15.789,0.05373253,1.866e-05,0.21068594000000002,4.889607750000001,64.53090691,1.859e-05,0.00276281,0.05351203,0.01256144,0.17891316,0.30714862000000004,0.02724391,0.0023089399999999998
1513592416,0.0008396028650941,15.824,0.05373253,1.866e-05,0.21068594000000002,4.889607750000001,64.53090691,1.859e-05,0.00276281,0.05351203,0.01256144,0.17891316,0.30714862000000004,0.02724391,0.0023089399999999998
1513592479,0.0008392652975273,15.825,0.05373253,1.866e-05,0.21068594000000002,4.889607750000001,64.53090691,1.859e-05,0.00276281,0.05351203,0.01256144,0.17891316,0.30714862000000004,0.02724391,0.0023089399999999998
1513592541,0.0008397665970871001,15.842,0.05373253,1.866e-05,0.21068594000000002,4.889607750000001,64.53090691,1.859e-05,0.00276281,0.05351203,0.01256144,0.17891316,0.30714862000000004,0.02724391,0.0023089399999999998
1513592603,0.0008404674713794,15.868,0.05373253,1.866e-05,0.21068594000000002,4.889607750000001,64.53090691,1.859e-05,0.00276281,0.05351203,0.01256144,0.17891316,0.30714862000000004,0.02724391,0.0023089399999999998
1513592671,0.0008406989073626,15.889,0.05373253,1.866e-05,0.21068594000000002,4.889607750000001,64.53090691,1.859e-05,0.00276281,0.05351203,0.01256144,0.17891316,0.30714862000000004,0.02724391,0.0023089399999999998
1513592733,0.000841868805898,15.917,0.05373253,1.866e-05,0.21068594000000002,4.889607750000001,64.53090691,1.859e-05,0.00276281,0.05351203,0.01256144,0.17891316,0.30714862000000004,0.02724391,0.0023089399999999998
1513592796,0.0008507127602432,16.057,0.05373253,1.866e-05,0.21068594000000002,5.2281808199999995,64.53090691,1.859e-05,0.00276281,0.05351203,0.01256144,0.17891316,0.30714862,0.02724391,0.0023089399999999998
1513592858,0.0008504648588717998,16.069,0.05373253,1.866e-05,0.21068594000000002,5.2281808199999995,64.53090691,1.859e-05,0.00276281,0.05351203,0.01256144,0.17891316,0.30714862,0.02724391,0.0023089399999999998
1513592920,0.0008525503803913999,16.086,0.05373253,1.866e-05,0.21068594000000002,5.2281808199999995,64.53090691,1.859e-05,0.00276281,0.05351203,0.01256144,0.17891316,0.30714862,0.02724391,0.0023089399999999998
1513592983,0.0008537246989200999,16.118,0.05373253,1.866e-05,0.21068594000000002,5.2281808199999995,64.53090691,1.859e-05,0.00276281,0.05351203,0.01256144,0.17891316,0.30714862,0.02724391,0.0023089399999999998
1513593045,0.0008543590948538999,16.105,0.05373253,1.866e-05,0.21068594000000002,5.2281808199999995,64.53090691,1.859e-05,0.00276281,0.05351203,0.01256144,0.17891316,0.30714862,0.02724391,0.0023089399999999998
1513593108,0.0008534452688171998,16.085,0.05373253,1.866e-05,0.21068594000000002,5.2281808199999995,64.53090691,1.859e-05,0.00276281,0.05351203,0.01256144,0.17891316,0.30714862,0.02724391,0.0023089399999999998
1513593171,0.0008532220489853998,16.069,0.05373253,1.866e-05,0.21068594000000002,5.2281808199999995,64.53090691,1.859e-05,0.00276281,0.05351203,0.01256144,0.17891316,0.30714862,0.02724391,0.0023089399999999998
1513593233,0.0008533959020585,16.073,0.05373253,1.866e-05,0.21068594000000002,5.2281808199999995,64.53090691,1.859e-05,0.00276281,0.05351203,0.01256144,0.17891316,0.30714862,0.02724391,0.0023089399999999998
1513593295,0.0008543738059218999,16.094,0.05373253,1.866e-05,0.21068594000000002,5.2281808199999995,64.53090691,1.859e-05,0.00276281,0.05351203,0.01256144,0.17891316,0.30714862,0.02724391,0.0023089399999999998
1513593358,0.0008547109174624999,16.108,0.05373253,1.866e-05,0.21068594000000002,5.2281808199999995,64.53090691,1.859e-05,0.00276281,0.05351203,0.01256144,0.17891316,0.30714862,0.02724391,0.0023089399999999998
1513593421,0.0008535075858144,16.107,0.05373253,1.866e-05,0.21068594000000002,5.2281808199999995,64.53090691,1.859e-05,0.00276281,0.05351203,0.01256144,0.17891316,0.30714862,0.02724391,0.0023089399999999998
1513593484,0.0008519908262151999,16.098,0.05373253,1.866e-05,0.21068594000000002,5.2281808199999995,64.53090691,1.859e-05,0.00276281,0.05351203,0.01256144,0.17891316,0.30714862,0.02724391,0.0023089399999999998
1513593547,0.0008519193648199,16.103,0.05373253,1.866e-05,0.21068594000000002,5.2281808199999995,64.53090691,1.859e-05,0.00276281,0.05351203,0.01256144,0.17891316,0.30714862,0.02724391,0.0023089399999999998
1513593610,0.0008515779017988001,16.095,0.05373253,1.866e-05,0.21068594000000002,5.2281808199999995,64.53090691,1.859e-05,0.00276281,0.05351203,0.01256144,0.17891316,0.30714862,0.02724391,0.0023089399999999998
1513593682,0.0008517416340312,16.096,0.05373253,1.866e-05,0.21068594000000002,5.2281808199999995,64.53090691,1.859e-05,0.00276281,0.05351203,0.01256144,0.17891316,0.30714862,0.02724391,0.0023089399999999998
1513593744,0.0008510892425171,16.094,0.05373253,1.866e-05,0.21068594000000002,5.2281808199999995,64.53090691,1.859e-05,0.00276281,0.05351203,0.01256144,0.17891316,0.30714862,0.02724391,0.0023089399999999998
1513593807,0.0008491705695622,16.088,0.05373253,1.866e-05,0.21068594000000002,5.2281808199999995,64.53090691,1.859e-05,0.00276281,0.05351203,0.01256144,0.17891316,0.30714862,0.02724391,0.0023089399999999998
1513593869,0.0008501252253723001,16.082,0.05373253,1.866e-05,0.21068594000000002,5.2281808199999995,64.53090691,1.859e-05,0.00276281,0.05351203,0.01256144,0.17891316,0.30714862,0.02724391,0.0023089399999999998
1513593932,0.0008495227118855001,16.068,0.05373253,1.866e-05,0.21068594000000002,5.2281808199999995,64.53090691,1.859e-05,0.00276281,0.05351203,0.01256144,0.17891316,0.30714862,0.02724391,0.0023089399999999998
1513593995,0.0008508829124826,16.106,0.05373253,1.866e-05,0.21068594000000002,5.2281808199999995,64.53090691,1.859e-05,0.00276281,0.05351203,0.01256144,0.17891316,0.30714862,0.02724391,0.0023089399999999998
1513594057,0.0008542509567393001,16.185,0.05373253,1.866e-05,0.21068594000000002,5.2281808199999995,64.53090691,1.859e-05,0.00276281,0.05351203,0.01256144,0.17891316,0.30714862,0.02724391,0.0023089399999999998
1513594120,0.0008551070018998001,16.193,0.05373253,1.866e-05,0.21068594000000002,5.2281808199999995,64.53090691,1.859e-05,0.00276281,0.05351203,0.01256144,0.17891316,0.30714862,0.02724391,0.0023089399999999998
1513594182,0.0008550059213741001,16.183,0.05373253,1.866e-05,0.21068594000000002,5.2281808199999995,64.53090691,1.859e-05,0.00276281,0.05351203,0.01256144,0.17891316,0.30714862,0.02724391,0.0023089399999999998
1513594247,0.0008565676710714999,16.228,0.05373253,1.866e-05,0.21068594000000002,5.2281808199999995,64.53090691,1.859e-05,0.00276281,0.05351203,0.01256144,0.17891316,0.30714862,0.02724391,0.0023089399999999998
1513594310,0.0008596718002157999,16.29,0.05373253,1.866e-05,0.21068594000000002,5.2281808199999995,64.53090691,1.859e-05,0.00276281,0.05351203,0.01256144,0.17891316,0.30714862,0.02724391,0.0023089399999999998
1513594372,0.0008561938095461,16.239,0.05373253,1.866e-05,0.21068594000000002,5.2281808199999995,64.53090691,1.859e-05,0.00276281,0.05351203,0.01256144,0.17891316,0.30714862,0.02724391,0.0023089399999999998
1513594436,0.0008587495894319999,16.291,0.05373253,1.866e-05,0.21068594000000002,5.2281808199999995,64.53090691,1.859e-05,0.00276281,0.05351203,0.01256144,0.17891316,0.30714862,0.02724391,0.0023089399999999998
1513594498,0.0008593656094372998,16.3,0.05373253,1.866e-05,0.21068594000000002,5.2281808199999995,64.53090691,1.859e-05,0.00276281,0.05351203,0.01256144,0.17891316,0.30714862,0.02724391,0.0023089399999999998
1513594562,0.0008589068653554001,16.278,0.05373253,1.866e-05,0.21068594000000002,5.2281808199999995,64.53090691,1.859e-05,0.00276281,0.05351203,0.01256144,0.17891316,0.30714862,0.02724391,0.0023089399999999998
1513594628,0.0008619320449169,16.335,0.05373253,1.866e-05,0.21068594000000002,5.235341350000001,64.53090691,1.859e-05,0.00276281,0.05351203,0.01256144,0.17891316,0.31347724,0.02724391,0.0023089399999999998
1513594692,0.0008618399295457,16.307,0.05373253,1.866e-05,0.21068594000000002,5.235341350000001,64.53090691,1.859e-05,0.00276281,0.05351203,0.01256144,0.17891316,0.31347724,0.02724391,0.0023089399999999998
1513594754,0.0008617549424680999,16.301,0.05373253,1.866e-05,0.21068594000000002,5.235341350000001,64.53090691,1.859e-05,0.00276281,0.05351203,0.01256144,0.17891316,0.31347724,0.02724391,0.0023089399999999998
1513594822,0.0008608132067569,16.282,0.05373253,1.866e-05,0.21068594000000002,5.235341350000001,64.53090691,1.859e-05,0.00276281,0.05351203,0.01256144,0.17891316,0.31347724,0.02724391,0.0023089399999999998
1513594885,0.0008598464328592999,16.255,0.05373253,1.866e-05,0.21068594000000002,5.235341350000001,64.53090691,1.859e-05,0.00276281,0.05351203,0.01256144,0.17891316,0.31347724,0.02724391,0.0023089399999999998
1513594948,0.0008563717472312999,16.206,0.05373253,1.866e-05,0.21068594000000002,5.235341350000001,64.53090691,1.859e-05,0.00276281,0.05351203,0.01256144,0.17891316,0.31347724,0.02724391,0.0023089399999999998
1513595010,0.0008518822422931999,16.122,0.05373253,1.866e-05,0.21068594000000002,5.235341350000001,64.53090691,1.859e-05,0.00276281,0.05351203,0.01256144,0.17891316,0.31347724,0.02724391,0.0023089399999999998
1513595073,0.0008518542245915999,16.125,0.05373253,1.866e-05,0.21068594000000002,5.235341350000001,64.53090691,1.859e-05,0.00276281,0.05351203,0.01256144,0.17891316,0.31347724,0.02724391,0.0023089399999999998
1513595136,0.0008525116755980001,16.134,0.05373253,1.866e-05,0.21068594000000002,5.235341350000001,64.53090691,1.859e-05,0.00276281,0.05351203,0.01256144,0.17891316,0.31347724,0.02724391,0.0023089399999999998
1513595198,0.000852210141195,16.143,0.05373253,1.866e-05,0.21068594000000002,5.235341350000001,64.53090691,1.859e-05,0.00276281,0.05351203,0.01256144,0.17891316,0.31347724,0.02724391,0.0023089399999999998
1513595261,0.0008529283998813001,16.148,0.05373253,1.866e-05,0.21068594000000002,5.235341350000001,64.53090691,1.859e-05,0.00276281,0.05351203,0.01256144,0.17891316,0.31347724,0.02724391,0.0023089399999999998
1513595323,0.0008502194521087001,16.112,0.05373253,1.866e-05,0.21068594000000002,5.235341350000001,64.53090691,1.859e-05,0.00276281,0.05351203,0.01256144,0.17891316,0.31347724,0.02724391,0.0023089399999999998
1513595386,0.0008486579312478,16.086,0.05373253,1.866e-05,0.21068594000000002,5.235341350000001,64.53090691,1.859e-05,0.00276281,0.05351203,0.01256144,0.17891316,0.31347724,0.02724391,0.0023089399999999998
1513595449,0.0008477931408559999,16.063,0.05373253,1.866e-05,0.21068594000000002,5.235341350000001,64.53090691,1.859e-05,0.00276281,0.05351203,0.01256144,0.17891316,0.31347724,0.02724391,0.0023089399999999998
1513595511,0.0008474144172848001,16.071,0.05373253,1.866e-05,0.21068594000000002,5.235341350000001,64.53090691,1.859e-05,0.00276281,0.05351203,0.01256144,0.17891316,0.31347724,0.02724391,0.0023089399999999998
1513595573,0.0008471490725134002,16.066,0.05373253,1.866e-05,0.21068594000000002,5.235341350000001,64.53090691,1.859e-05,0.00276281,0.05351203,0.01256144,0.17891316,0.31347724,0.02724391,0.0023089399999999998
1513595636,0.0008497750668100001,16.12,0.05373253,1.866e-05,0.21068594000000002,5.235341350000001,64.53090691,1.859e-05,0.00276281,0.05351203,0.01256144,0.17891316,0.31347724,0.02724391,0.0023089399999999998
1513595698,0.0008483142347457,16.096,0.05373253,1.866e-05,0.21068594000000002,5.235341350000001,64.53090691,1.859e-05,0.00276281,0.05351203,0.01256144,0.17891316,0.31347724,0.02724391,0.0023089399999999998
1513595761,0.0008483546844125,16.099,0.05373253,1.866e-05,0.21068594000000002,5.235341350000001,64.53090691,1.859e-05,0.00276281,0.05351203,0.01256144,0.17891316,0.31347724,0.02724391,0.0023089399999999998
1513595825,0.0008461770366492001,16.061,0.05373253,1.866e-05,0.21068594000000002,5.235341350000001,64.53090691,1.859e-05,0.00276281,0.05351203,0.01256144,0.17891316,0.31347724,0.02724391,0.0023089399999999998
1513595889,0.0008459981528373999,16.058,0.05373253,1.866e-05,0.21068594000000002,5.235341350000001,64.53090691,1.859e-05,0.00276281,0.05351203,0.01256144,0.17891316,0.31347724,0.02724391,0.0023089399999999998
1513595953,0.0008441998777776,16.025,0.05373253,1.866e-05,0.21068594000000002,5.235341350000001,64.53090691,1.859e-05,0.00276281,0.05351203,0.01256144,0.17891316,0.31347724,0.02724391,0.0023089399999999998
1513596020,0.0008439913267042001,16.022,0.05373253,1.866e-05,0.21068594000000002,5.235341350000001,64.53090691,1.859e-05,0.00276281,0.05351203,0.01256144,0.17891316,0.31347724,0.02724391,0.0023089399999999998
1513596082,0.0008444989232669002,16.039,0.05373253,1.866e-05,0.21068594000000002,5.235341350000001,64.53090691,1.859e-05,0.00276281,0.05351203,0.01256144,0.17891316,0.31347724,0.02724391,0.0023089399999999998
1513596145,0.0008429971378604001,16.013,0.05373253,1.866e-05,0.21068594000000002,5.235341350000001,64.53090691,1.859e-05,0.00276281,0.05351203,0.01256144,0.17891316,0.31347724,0.02724391,0.0023089399999999998
1513596207,0.0008453007389076001,16.067,0.05373253,1.866e-05,0.21068594000000002,5.235341350000001,64.53090691,1.859e-05,0.00276281,0.05351203,0.01256144,0.17891316,0.31347724,0.02724391,0.0023089399999999998
1513596270,0.0008446760968816,16.066,0.05373253,1.866e-05,0.21068594000000002,5.235341350000001,64.53090691,1.859e-05,0.00276281,0.05351203,0.01256144,0.17891316,0.31347724,0.02724391,0.0023089399999999998
1513596334,0.0008463047883573001,16.106,0.05373253,1.866e-05,0.21068594000000002,5.235341350000001,64.53090691,1.859e-05,0.00276281,0.05351203,0.01256144,0.17891316,0.31347724,0.02724391,0.0023089399999999998
1513596397,0.0008455297005040001,16.092,0.05373253,1.866e-05,0.21068594000000002,5.235341350000001,64.53090691,1.859e-05,0.00276281,0.05351203,0.01256144,0.17891316,0.31347724,0.02724391,0.0023089399999999998
1513596461,0.0008643546766258001,16.456,0.05373253,1.866e-05,0.22237237,5.23534135,64.53090691,1.859e-05,0.00276281,0.05351203,0.01256144,0.17891316,0.32840035,0.02724391,0.0023089399999999998
1513596523,0.0008624684374954999,16.442,0.05373253,1.866e-05,0.22237237,5.23534135,64.53090691,1.859e-05,0.00276281,0.05351203,0.01256144,0.17891316,0.32840035,0.02724391,0.0023089399999999998
1513596587,0.0008661996812535,16.525,0.05373253,1.866e-05,0.22237237,5.23534135,64.53090691,1.859e-05,0.00276281,0.05351203,0.01256144,0.17891316,0.32840035,0.02724391,0.0023089399999999998
1513596651,0.0008625897575358,16.457,0.05373253,1.866e-05,0.22237237,5.23534135,64.53090691,1.859e-05,0.00276281,0.05351203,0.01256144,0.17891316,0.32840035,0.02724391,0.0023089399999999998
1513596713,0.0008623358237907,16.463,0.05373253,1.866e-05,0.22237237,5.23534135,64.53090691,1.859e-05,0.00276281,0.05351203,0.01256144,0.17891316,0.32840035,0.02724391,0.0023089399999999998
1513596776,0.0008624166508597001,16.457,0.05373253,1.866e-05,0.22237237,5.23534135,64.53090691,1.859e-05,0.00276281,0.05351203,0.01256144,0.17891316,0.32840035,0.02724391,0.0023089399999999998
1513596840,0.0008601429275662,16.407,0.05373253,1.866e-05,0.22237237,5.23534135,64.53090691,1.859e-05,0.00276281,0.05351203,0.01256144,0.17891316,0.32840035,0.02724391,0.0023089399999999998
1513596903,0.0008614308972409999,16.424,0.05373253,1.866e-05,0.22237237,5.23534135,64.53090691,1.859e-05,0.00276281,0.05351203,0.01256144,0.17891316,0.32840035,0.02724391,0.0023089399999999998
1513596966,0.0008586409177209998,16.349,0.05373253,1.866e-05,0.22237237,5.23534135,64.53090691,1.859e-05,0.00276281,0.05351203,0.01256144,0.17891316,0.32840035,0.02724391,0.0023089399999999998
1513597031,0.0008583630465099,16.324,0.05373253,1.866e-05,0.22237237,5.23534135,64.53090691,1.859e-05,0.00276281,0.05351203,0.01256144,0.17891316,0.32840035,0.02724391,0.0023089399999999998
1513597097,0.0008631016792559,16.434,0.05373253,1.866e-05,0.22237237,5.23534135,64.53090691,1.859e-05,0.00276281,0.05351203,0.01256144,0.17891316,0.32840035,0.02724391,0.0023089399999999998
1513597160,0.0008633320104544,16.452,0.05373253,1.866e-05,0.22237237,5.23534135,64.53090691,1.859e-05,0.00276281,0.05351203,0.01256144,0.17891316,0.32840035,0.02724391,0.0023089399999999998
1513597223,0.0008623343637445998,16.453,0.05373253,1.866e-05,0.22237237,5.23534135,64.53090691,1.859e-05,0.00276281,0.05351203,0.01256144,0.17891316,0.32840035,0.02724391,0.0023089399999999998
1513597287,0.0008596037095274999,16.395,0.05373253,1.866e-05,0.22237237,5.23534135,64.53090691,1.859e-05,0.00276281,0.05351203,0.01256144,0.17891316,0.32840035,0.02724391,0.0023089399999999998
1513597350,0.0008626136039607,16.455,0.05373253,1.866e-05,0.22237237,5.23534135,64.53090691,1.859e-05,0.00276281,0.05351203,0.01256144,0.17891316,0.32840035,0.02724391,0.0023089399999999998
1513597413,0.0008607323916236,16.411,0.05373253,1.866e-05,0.22237237,5.23534135,64.53090691,1.859e-05,0.00276281,0.05351203,0.01256144,0.17891316,0.32840035,0.02724391,0.0023089399999999998
1513597476,0.0008614325030299998,16.42,0.05373253,1.866e-05,0.22237237,5.23534135,64.53090691,1.859e-05,0.00276281,0.05351203,0.01256144,0.17891316,0.32840035,0.02724391,0.0023089399999999998
1513597542,0.0008614524663468001,16.447,0.05373253,1.866e-05,0.22237237,5.23534135,64.53090691,1.859e-05,0.00276281,0.05351203,0.01256144,0.17891316,0.32840035,0.02724391,0.0023089399999999998
1513597606,0.0008622269848766,16.49,0.05373253,1.866e-05,0.22237237,5.23534135,64.53090691,1.859e-05,0.00276281,0.05351203,0.01256144,0.17891316,0.32840035,0.02724391,0.0023089399999999998
1513597669,0.0008620087561019001,16.485,0.05373253,1.866e-05,0.22237237,5.23534135,64.53090691,1.859e-05,0.00276281,0.05351203,0.01256144,0.17891316,0.32840035,0.02724391,0.0023089399999999998
1513597732,0.0008614406713024999,16.489,0.05373253,1.866e-05,0.22237237,5.23534135,64.53090691,1.859e-05,0.00276281,0.05351203,0.01256144,0.17891316,0.32840035,0.02724391,0.0023089399999999998
1513597796,0.0008586341493393,16.435,0.05373253,1.866e-05,0.22237237,5.23534135,64.53090691,1.859e-05,0.00276281,0.05351203,0.01256144,0.17891316,0.32840035,0.02724391,0.0023089399999999998
1513597860,0.0008586905346746,16.449,0.05373253,1.866e-05,0.22237237,5.23534135,64.53090691,1.859e-05,0.00276281,0.05351203,0.01256144,0.17891316,0.32840035,0.02724391,0.0023089399999999998
1513597923,0.000859536479961,16.477,0.05373253,1.866e-05,0.22237237,5.23534135,64.53090691,1.859e-05,0.00276281,0.05351203,0.01256144,0.17891316,0.32840035,0.02724391,0.0023089399999999998
1513597987,0.0008587988324455,16.478,0.05373253,1.866e-05,0.22237237,5.23534135,64.53090691,1.859e-05,0.00276281,0.05351203,0.01256144,0.17891316,0.32840035,0.02724391,0.0023089399999999998
1513598050,0.0008588204875635999,16.488,0.05373253,1.866e-05,0.22237237,5.23534135,64.53090691,1.859e-05,0.00276281,0.05351203,0.01256144,0.17891316,0.32840035,0.02724391,0.0023089399999999998
1513598116,0.0008586918788166,16.5,0.05373253,1.866e-05,0.22237237,5.23534135,64.53090691,1.859e-05,0.00276281,0.05351203,0.01256144,0.17891316,0.32840035,0.02724391,0.0023089399999999998
1513598185,0.0008566316216019999,16.449,0.05373253,1.866e-05,0.22237237,5.23534135,64.53090691,1.859e-05,0.00276281,0.05351203,0.01256144,0.17891316,0.32840035,0.02724391,0.0023089399999999998
1513598249,0.0008547995259207,16.418,0.05373253,1.866e-05,0.22237237,5.23534135,64.53090691,1.859e-05,0.00276281,0.05351203,0.01256144,0.17891316,0.32840035,0.02724391,0.0023089399999999998
1513598312,0.0008578106998464998,16.48,0.05373253,1.866e-05,0.22237236999999999,5.23534135,64.53090691,1.859e-05,0.00276281,0.05351203,0.01256144,0.17891316,0.32840035,0.02897583,0.0023089399999999998
1513598374,0.0008560310172263998,16.443,0.05373253,1.866e-05,0.22237236999999999,5.23534135,64.53090691,1.859e-05,0.00276281,0.05351203,0.01256144,0.17891316,0.32840035,0.02897583,0.0023089399999999998
1513598444,0.0008569861750314,16.443,0.05373253,1.866e-05,0.22237236999999999,5.23534135,64.53090691,1.859e-05,0.00276281,0.05351203,0.01256144,0.17891316,0.32840035,0.02897583,0.0023089399999999998
1513598508,0.0008524815784851,16.349,0.05373253,1.866e-05,0.22237236999999999,5.23534135,64.53090691,1.859e-05,0.00276281,0.05351203,0.01256144,0.17891316,0.32840035,0.02897583,0.0023089399999999998
1513598570,0.0008529632735423999,16.348,0.05373253,1.866e-05,0.22237236999999999,5.23534135,64.53090691,1.859e-05,0.00276281,0.05351203,0.01256144,0.17891316,0.32840035,0.02897583,0.0023089399999999998
1513598633,0.000851988486279,16.32,0.05373253,1.866e-05,0.22237236999999999,5.23534135,64.53090691,1.859e-05,0.00276281,0.05351203,0.01256144,0.17891316,0.32840035,0.02897583,0.0023089399999999998
1513598696,0.0008510905793766,16.316,0.05373253,1.866e-05,0.22237236999999999,5.23534135,64.53090691,1.859e-05,0.00276281,0.05351203,0.01256144,0.17891316,0.32840035,0.02897583,0.0023089399999999998
1513598759,0.0008535796252224,16.37,0.05373253,1.866e-05,0.22237236999999999,5.23534135,64.53090691,1.859e-05,0.00276281,0.05351203,0.01256144,0.17891316,0.32840035,0.02897583,0.0023089399999999998
1513598823,0.0008516537235753999,16.329,0.05373253,1.866e-05,0.22237236999999999,5.23534135,64.53090691,1.859e-05,0.00276281,0.05351203,0.01256144,0.17891316,0.32840035,0.02897583,0.0023089399999999998
1513598886,0.0008543040940941999,16.405,0.08371796000000001,1.866e-05,0.22237236999999999,5.235341350000001,64.53090691,1.859e-05,0.00276281,0.05351203,0.01256144,0.17891316,0.32840035,0.02897583,0.0023089399999999998
1513598949,0.0008536811957423001,16.39,0.08371796000000001,1.866e-05,0.22237236999999999,5.235341350000001,64.53090691,1.859e-05,0.00276281,0.05351203,0.01256144,0.17891316,0.32840035,0.02897583,0.0023089399999999998
1513599019,0.0008527006805006001,16.366,0.08371796000000001,1.866e-05,0.22237236999999999,5.235341350000001,64.53090691,1.859e-05,0.00276281,0.05351203,0.01256144,0.17891316,0.32840035,0.02897583,0.0023089399999999998
1513599082,0.0008522911432097,16.369,0.08371796000000001,1.866e-05,0.22237236999999999,5.235341350000001,64.53090691,1.859e-05,0.00276281,0.05351203,0.01256144,0.17891316,0.32840035,0.02897583,0.0023089399999999998
1513599146,0.0008535862969468,16.408,0.08371796000000001,1.866e-05,0.22237236999999999,5.235341350000001,64.53090691,1.859e-05,0.00276281,0.05351203,0.01256144,0.17891316,0.32840035,0.02897583,0.0023089399999999998
1513599211,0.0008526749299772999,16.399,0.08371796000000001,1.866e-05,0.22237236999999999,5.235341350000001,64.53090691,1.859e-05,0.00276281,0.05351203,0.01256144,0.17891316,0.32840035,0.02897583,0.0023089399999999998
1513599274,0.0008524166314364002,16.387,0.08371796000000001,1.866e-05,0.22237236999999999,5.235341350000001,64.53090691,1.859e-05,0.00276281,0.05351203,0.01256144,0.17891316,0.32840035,0.02897583,0.0023089399999999998
1513599338,0.0008518016849734,16.36,0.08371796000000001,1.866e-05,0.22237236999999999,5.235341350000001,64.53090691,1.859e-05,0.00276281,0.05351203,0.01256144,0.17891316,0.32840035,0.02897583,0.0023089399999999998
1513599402,0.0008532428451246,16.391,0.08371796000000001,1.866e-05,0.22237236999999999,5.235341350000001,64.53090691,1.859e-05,0.00276281,0.05351203,0.01256144,0.17891316,0.32840035,0.02897583,0.0023089399999999998
1513599465,0.0008566170611884,16.476,0.08371796000000001,1.866e-05,0.22237236999999999,5.235341350000001,64.53090691,1.859e-05,0.00276281,0.05351203,0.01256144,0.17891316,0.32840035,0.02897583,0.0023089399999999998
1513599528,0.0008566841233258,16.457,0.08371796000000001,1.866e-05,0.22237236999999999,5.235341350000001,64.53090691,1.859e-05,0.00276281,0.05351203,0.01256144,0.17891316,0.32840035,0.02897583,0.0023089399999999998
1513599590,0.0008575930845061999,16.49,0.08371796000000001,1.866e-05,0.22237236999999999,5.235341350000001,64.53090691,1.859e-05,0.00276281,0.05351203,0.01256144,0.17891316,0.32840035,0.02897583,0.0023089399999999998
1513599653,0.0008562730462794,16.451,0.08371796000000001,1.866e-05,0.22237236999999999,5.235341350000001,64.53090691,1.859e-05,0.00276281,0.05351203,0.01256144,0.17891316,0.32840035,0.02897583,0.0023089399999999998
1513599715,0.0008577772049859,16.48,0.08371796000000001,1.866e-05,0.22237236999999999,5.235341350000001,64.53090691,1.859e-05,0.00276281,0.05351203,0.01256144,0.17891316,0.32840035,0.02897583,0.0023089399999999998
1513599778,0.0008557961525376002,16.451,0.08371796000000001,1.866e-05,0.22237236999999999,5.235341350000001,64.53090691,1.859e-05,0.00276281,0.05351203,0.01256144,0.17891316,0.32840035,0.02897583,0.0023089399999999998
1513599840,0.0008579611098701999,16.486,0.08371796000000001,1.866e-05,0.22237236999999999,5.235341350000001,64.53090691,1.859e-05,0.00276281,0.05351203,0.01256144,0.17891316,0.32840035,0.02897583,0.0023089399999999998
1513599904,0.000857528486192,16.468,0.08371796000000001,1.866e-05,0.22237236999999999,5.235341350000001,64.53090691,1.859e-05,0.00276281,0.05351203,0.01256144,0.17891316,0.32840035,0.02897583,0.0023089399999999998
1513599967,0.0008587997349400001,16.49,0.08371796000000001,1.866e-05,0.22237236999999999,5.235341350000001,64.53090691,1.859e-05,0.00276281,0.05351203,0.01256144,0.17891316,0.32840035,0.02897583,0.0023089399999999998
1513600031,0.0008602550535164,16.504,0.08371796000000001,1.866e-05,0.22237236999999999,5.235341350000001,64.53090691,1.859e-05,0.00276281,0.05351203,0.01256144,0.17891316,0.32840035,0.02897583,0.0023089399999999998
1513600094,0.0008609200375954,16.515,0.08371796000000001,1.866e-05,0.22237236999999999,5.235341350000001,64.53090691,1.859e-05,0.00276281,0.05351203,0.01256144,0.17891316,0.32840035,0.02897583,0.0023089399999999998
1513600158,0.0008624672455538,16.543,0.08371796000000001,1.866e-05,0.22237236999999999,5.235341350000001,64.53090691,1.859e-05,0.00276281,0.05351203,0.01256144,0.17891316,0.32840035,0.02897583,0.0023089399999999998
1513600232,0.0008608455742861001,16.515,0.08371796000000001,1.866e-05,0.22237236999999999,5.235341350000001,64.53090691,1.859e-05,0.00276281,0.05351203,0.01256144,0.17891316,0.32840035,0.02897583,0.0023089399999999998
1513600294,0.0008615122582541,16.537,0.08371796000000001,1.866e-05,0.22237236999999999,5.235341350000001,64.53090691,1.859e-05,0.00276281,0.05351203,0.01256144,0.17891316,0.32840035,0.02897583,0.0023089399999999998
1513600360,0.0008614387115473001,16.535,0.08371796000000001,1.866e-05,0.22237236999999999,5.235341350000001,64.53090691,1.859e-05,0.00276281,0.05351203,0.01256144,0.17891316,0.32840035,0.02897583,0.0023089399999999998
1513600424,0.0008604882987847999,16.498,0.08371796000000001,1.866e-05,0.22237236999999999,5.235341350000001,64.53090691,1.859e-05,0.00276281,0.05351203,0.01256144,0.17891316,0.32840035,0.02897583,0.0023089399999999998
1513600486,0.0008601878697771998,16.479,0.08371796000000001,1.866e-05,0.22237236999999999,5.235341350000001,64.53090691,1.859e-05,0.00276281,0.05351203,0.01256144,0.17891316,0.32840035,0.02897583,0.0023089399999999998
1513600548,0.0008618791794403,16.5,0.08371796000000001,1.866e-05,0.22237236999999999,5.235341350000001,64.53090691,1.859e-05,0.00276281,0.05351203,0.01256144,0.17891316,0.32840035,0.02897583,0.0023089399999999998
1513600611,0.0008617491200325999,16.493,0.08371796000000001,1.866e-05,0.22237236999999999,5.235341350000001,64.53090691,1.859e-05,0.00276281,0.05351203,0.01256144,0.17891316,0.32840035,0.02897583,0.0023089399999999998
1513600674,0.0008624238629687,16.473,0.08371796000000001,1.866e-05,0.22237236999999999,5.235341350000001,64.53090691,1.859e-05,0.00276281,0.05351203,0.01256144,0.17891316,0.32840035,0.02897583,0.0023089399999999998
1513600737,0.0008721744545195999,16.627,0.12905877,1.866e-05,0.22237236999999999,5.23534135,64.99687971,1.859e-05,0.00276281,0.05351203,0.01256144,0.17891316,0.32840035,0.02897583,0.00264187
1513600799,0.0008734494285066,16.649,0.12905877,1.866e-05,0.22237236999999999,5.23534135,64.99687971,1.859e-05,0.00276281,0.05351203,0.01256144,0.17891316,0.32840035,0.02897583,0.00264187
1513600864,0.0008764286996145999,16.697,0.12905877,1.866e-05,0.22237236999999999,5.23534135,64.99687971,1.859e-05,0.00276281,0.05351203,0.01256144,0.17891316,0.32840035,0.02897583,0.00264187
1513600927,0.0008757813060340999,16.68,0.12905877,1.866e-05,0.22237236999999999,5.23534135,64.99687971,1.859e-05,0.00276281,0.05351203,0.01256144,0.17891316,0.32840035,0.02897583,0.00264187
1513600991,0.0008793503440185999,16.735,0.12905877,1.866e-05,0.22237236999999999,5.23534135,64.99687971,1.859e-05,0.00276281,0.05351203,0.01256144,0.17891316,0.32840035,0.02897583,0.00264187
1513601054,0.0008788035877549,16.737,0.12905877,1.866e-05,0.22237236999999999,5.23534135,64.99687971,1.859e-05,0.00276281,0.05351203,0.01256144,0.17891316,0.32840035,0.02897583,0.00264187
1513601135,0.0008789239734352,16.731,0.12905877,1.866e-05,0.22237236999999999,5.23534135,64.99687971,1.859e-05,0.00276281,0.05351203,0.01256144,0.17891316,0.32840035,0.02897583,0.00264187
1513601198,0.0008787478315344001,16.733,0.12905877,1.866e-05,0.22237236999999999,5.23534135,64.99687971,1.859e-05,0.00276281,0.05351203,0.01256144,0.17891316,0.32840035,0.02897583,0.00264187
1513601261,0.0008799024542113999,16.766,0.12905877,1.866e-05,0.22237236999999999,5.23534135,64.99687971,1.859e-05,0.00276281,0.05351203,0.01256144,0.17891316,0.32840035,0.02897583,0.00264187
1513601323,0.0008799769192975001,16.76,0.12905877,1.866e-05,0.22237236999999999,5.23534135,64.99687971,1.859e-05,0.00276281,0.05351203,0.01256144,0.17891316,0.32840035,0.02897583,0.00264187
1513601385,0.0008801700876971,16.775,0.12905877,1.866e-05,0.22237236999999999,5.23534135,64.99687971,1.859e-05,0.00276281,0.05351203,0.01256144,0.17891316,0.32840035,0.02897583,0.00264187
1513601448,0.0008794730828901,16.757,0.12905877,1.866e-05,0.22237236999999999,5.23534135,64.99687971,1.859e-05,0.00276281,0.05351203,0.01256144,0.17891316,0.32840035,0.02897583,0.00264187
1513601510,0.0008775502544374999,16.741,0.12905877,1.866e-05,0.22237236999999999,5.23534135,64.99687971,1.859e-05,0.00276281,0.05351203,0.01256144,0.17891316,0.32840035,0.02897583,0.00264187
1513601573,0.0008774960484874,16.734,0.12905877,1.866e-05,0.22237236999999999,5.23534135,64.99687971,1.859e-05,0.00276281,0.05351203,0.01256144,0.17891316,0.32840035,0.02897583,0.00264187
1513601636,0.0008764430674656,16.712,0.12905877,1.866e-05,0.22237236999999999,5.23534135,64.99687971,1.859e-05,0.00276281,0.05351203,0.01256144,0.17891316,0.32840035,0.02897583,0.00264187
1513601699,0.0008780223084558001,16.74,0.12905877,1.866e-05,0.22237236999999999,5.23534135,64.99687971,1.859e-05,0.00276281,0.05351203,0.01256144,0.17891316,0.32840035,0.02897583,0.00264187
1513601762,0.0008782573717639,16.74,0.12905877,1.866e-05,0.22237236999999999,5.23534135,64.99687971,1.859e-05,0.00276281,0.05351203,0.01256144,0.17891316,0.32840035,0.02897583,0.00264187
1513601826,0.0008774410416928999,16.707,0.12905877,1.866e-05,0.22237236999999999,5.23534135,64.99687971,1.859e-05,0.00276281,0.05351203,0.01256144,0.17891316,0.32840035,0.02897583,0.00264187
1513601890,0.0008774775212165,16.705,0.12905877,1.866e-05,0.22237236999999999,5.23534135,64.99687971,1.859e-05,0.00276281,0.05351203,0.01256144,0.17891316,0.32840035,0.02897583,0.00264187
1513614854,0.0009650157955307,18.122,0.18381197,1.866e-05,0.22332384,5.949735629999999,67.47665358,1.859e-05,0.00276281,0.05351203,0.01256144,0.17891316,0.33175540000000003,0.036498459999999996,0.00547243
1513614919,0.0009631896110407,18.116,0.18381197,1.866e-05,0.22332384,5.949735629999999,67.47665358,1.859e-05,0.00276281,0.05351203,0.01256144,0.17891316,0.33175540000000003,0.036498459999999996,0.00547243
1513614986,0.0009657954652741999,18.14,0.18381197,1.866e-05,0.22332384,5.949735629999999,67.47665358,1.859e-05,0.00276281,0.05351203,0.01256144,0.17891316,0.33175540000000003,0.036498459999999996,0.00547243
1513615049,0.0009661130143075001,18.148,0.18381197,1.866e-05,0.22332384,5.949735629999999,67.47665358,1.859e-05,0.00276281,0.05351203,0.01256144,0.17891316,0.33175540000000003,0.036498459999999996,0.00547243
1513615111,0.0009664685350279001,18.164,0.18381197,1.866e-05,0.22332384,5.949735629999999,67.47665358,1.859e-05,0.00276281,0.05351203,0.01256144,0.17891316,0.33175540000000003,0.036498459999999996,0.00547243
1513615174,0.0009671571983707,18.191,0.18381197,1.866e-05,0.22332384,5.949735629999999,67.47665358,1.859e-05,0.00276281,0.05351203,0.01256144,0.17891316,0.33175540000000003,0.036498459999999996,0.00547243
1513615242,0.0009687671801780001,18.189,0.18381197,1.866e-05,0.22332384,5.949735629999999,67.47665358,1.859e-05,0.00276281,0.05351203,0.01256144,0.17891316,0.33175540000000003,0.036498459999999996,0.00547243
1513615305,0.0009694044510247001,18.202,0.18381197,1.866e-05,0.22332384,5.949735629999999,67.47665358,1.859e-05,0.00276281,0.05351203,0.01256144,0.17891316,0.33175540000000003,0.036498459999999996,0.00547243
1513615367,0.0009702005464966,18.203,0.18381197,1.866e-05,0.22332384,5.949735629999999,67.47665358,1.859e-05,0.00276281,0.05351203,0.01256144,0.17891316,0.33175540000000003,0.036498459999999996,0.00547243
1513615430,0.0009698760336223999,18.193,0.18381197,1.866e-05,0.22332384,5.949735629999999,67.47665358,1.859e-05,0.00276281,0.05351203,0.01256144,0.17891316,0.33175540000000003,0.036498459999999996,0.00547243
1513615492,0.0009709819216163998,18.22,0.18381197,1.866e-05,0.22332384,5.949735629999999,67.47665358,1.859e-05,0.00276281,0.05351203,0.01256144,0.17891316,0.33175540000000003,0.036498459999999996,0.00547243
1513615558,0.0009715808083674999,18.238,0.18381197,1.866e-05,0.22332384,5.949735629999999,67.47665358,1.859e-05,0.00276281,0.05351203,0.01256144,0.17891316,0.33175540000000003,0.036498459999999996,0.00547243
1513615620,0.0009698796291188001,18.211,0.18381197,1.866e-05,0.22332384,5.949735629999999,67.47665358,1.859e-05,0.00276281,0.05351203,0.01256144,0.17891316,0.33175540000000003,0.036498459999999996,0.00547243
1513615684,0.0009721542300966,18.24,0.18381197,1.866e-05,0.22332384,5.949735629999999,67.47665358,1.859e-05,0.00276281,0.05351203,0.01256144,0.17891316,0.33175540000000003,0.036498459999999996,0.00547243
1513615752,0.0009704750121732001,18.156,0.18381197,1.866e-05,0.22332384,5.949735629999999,67.47665358,1.859e-05,0.00276281,0.05351203,0.01256144,0.17891316,0.33175540000000003,0.036498459999999996,0.00547243
1513615818,0.0009703930071077,18.163,0.18381197,1.866e-05,0.22332384,5.949735629999999,67.47665358,1.859e-05,0.00276281,0.05351203,0.01256144,0.17891316,0.33175540000000003,0.036498459999999996,0.00547243
1513615883,0.0009681587255961001,18.101,0.18381197,1.866e-05,0.22332384,5.949735629999999,67.47665358,1.859e-05,0.00276281,0.05351203,0.01256144,0.17891316,0.33175540000000003,0.036498459999999996,0.00547243
1513615953,0.0009695660457397,18.115,0.18381197,1.866e-05,0.22332384,5.949735629999999,67.47665358,1.859e-05,0.00276281,0.05351203,0.01256144,0.17891316,0.33175540000000003,0.036498459999999996,0.00547243
1513616015,0.0009742762154769999,18.191,0.18381197,1.866e-05,0.22332384,5.949735629999999,67.47665358,1.859e-05,0.00276281,0.05351203,0.01256144,0.17891316,0.33175540000000003,0.036498459999999996,0.00547243
1513616090,0.0009747224363740999,18.186,0.18381197,1.866e-05,0.22332384,5.949735629999999,67.47665358,1.859e-05,0.00276281,0.05351203,0.01256144,0.17891316,0.33175540000000003,0.036498459999999996,0.00547243
1513616152,0.0009739848863259,18.193,0.18381197,1.866e-05,0.22332384,5.949735629999999,67.47665358,1.859e-05,0.00276281,0.05351203,0.01256144,0.17891316,0.33175540000000003,0.036498459999999996,0.00547243
1513616218,0.0009738774315833998,18.197,0.18381197,1.866e-05,0.22332384,5.949735629999999,67.47665358,1.859e-05,0.00276281,0.05351203,0.01256144,0.17891316,0.33175540000000003,0.036498459999999996,0.00547243
1513616281,0.0009716529947479999,18.155,0.18381197,1.866e-05,0.22332384,5.949735629999999,67.47665358,1.859e-05,0.00276281,0.05351203,0.01256144,0.17891316,0.33175540000000003,0.036498459999999996,0.00547243
1513616343,0.0009733643147312999,18.201,0.18381197,1.866e-05,0.22332384,5.949735629999999,67.47665358,1.859e-05,0.00276281,0.05351203,0.01256144,0.17891316,0.33175540000000003,0.036498459999999996,0.00547243
1513616409,0.0009715767013042,18.142,0.18381197,1.866e-05,0.22332384,5.949735629999999,67.47665358,1.859e-05,0.00276281,0.05351203,0.01256144,0.17891316,0.33175540000000003,0.036498459999999996,0.00547243
1513616477,0.0009746100152144,18.199,0.18381197,1.866e-05,0.22332384,5.949735629999999,67.47665358,1.859e-05,0.00276281,0.05351203,0.01256144,0.17891316,0.33175540000000003,0.036498459999999996,0.00547243
1513616541,0.0009753876535689,18.172,0.18381197,1.866e-05,0.22332384,5.949735629999999,67.47665358,1.859e-05,0.00276281,0.05351203,0.01256144,0.17891316,0.33175540000000003,0.036498459999999996,0.00547243
1513616605,0.0009755535473474999,18.172,0.18381197,1.866e-05,0.22332384,5.949735629999999,67.47665358,1.859e-05,0.00276281,0.05351203,0.01256144,0.17891316,0.33175540000000003,0.036498459999999996,0.00547243
1513616669,0.0009869190258869,18.376,0.18381197,1.866e-05,0.22332384000000002,5.949735629999999,67.47665358,1.859e-05,0.00276281,0.06249967,0.01256144,0.17891316,0.33175540000000003,0.036498459999999996,0.0060374700000000005
1513616737,0.0009871223757179002,18.36,0.18381197,1.866e-05,0.22332384000000002,5.949735629999999,67.47665358,1.859e-05,0.00276281,0.06249967,0.01256144,0.17891316,0.33175540000000003,0.036498459999999996,0.0060374700000000005
1513616800,0.0009870788134070999,18.358,0.18381197,1.866e-05,0.22332384000000002,5.949735629999999,67.47665358,1.859e-05,0.00276281,0.06249967,0.01256144,0.17891316,0.33175540000000003,0.036498459999999996,0.0060374700000000005
1513616864,0.0009877052674566,18.372,0.18381197,1.866e-05,0.22332384000000002,5.949735629999999,67.47665358,1.859e-05,0.00276281,0.06249967,0.01256144,0.17891316,0.33175540000000003,0.036498459999999996,0.0060374700000000005
1513616927,0.0009887835261511,18.387,0.18381197,1.866e-05,0.22332384000000002,5.949735629999999,67.47665358,1.859e-05,0.00276281,0.06249967,0.01256144,0.17891316,0.33175540000000003,0.036498459999999996,0.0060374700000000005
1513616991,0.0009886241820014,18.39,0.18381197,1.866e-05,0.22332384000000002,5.949735629999999,67.47665358,1.859e-05,0.00276281,0.06249967,0.01256144,0.17891316,0.33175540000000003,0.036498459999999996,0.0060374700000000005
1513617055,0.0009881068192458,18.384,0.18381197,1.866e-05,0.22332384000000002,5.949735629999999,67.47665358,1.859e-05,0.00276281,0.06249967,0.01256144,0.17891316,0.33175540000000003,0.036498459999999996,0.0060374700000000005
1513617118,0.0009868485222995,18.365,0.18381197,1.866e-05,0.22332384000000002,5.949735629999999,67.47665358,1.859e-05,0.00276281,0.06249967,0.01256144,0.17891316,0.33175540000000003,0.036498459999999996,0.0060374700000000005
1513617188,0.0009873773783353,18.366,0.18381197,1.866e-05,0.22332384000000002,5.949735629999999,67.47665358,1.859e-05,0.00276281,0.06249967,0.01256144,0.17891316,0.33175540000000003,0.036498459999999996,0.0060374700000000005
1513617253,0.0009859091864171002,18.336,0.18381197,1.866e-05,0.22332384000000002,5.949735629999999,67.47665358,1.859e-05,0.00276281,0.06249967,0.01256144,0.17891316,0.33175540000000003,0.036498459999999996,0.0060374700000000005
1513617324,0.0009873950078457,18.356,0.18381197,1.866e-05,0.22332384000000002,5.949735629999999,67.47665358,1.859e-05,0.00276281,0.06249967,0.01256144,0.17891316,0.33175540000000003,0.036498459999999996,0.0060374700000000005
1513617397,0.0009878636809796,18.366,0.18381197,1.866e-05,0.22332384000000002,5.949735629999999,67.47665358,1.859e-05,0.00276281,0.06249967,0.01256144,0.17891316,0.33175540000000003,0.036498459999999996,0.0060374700000000005
1513617460,0.000988103621363,18.377,0.18381197,1.866e-05,0.22332384000000002,5.949735629999999,67.47665358,1.859e-05,0.00276281,0.06249967,0.01256144,0.17891316,0.33175540000000003,0.036498459999999996,0.0060374700000000005
1513617524,0.000988479132544,18.359,0.18381197,1.866e-05,0.22332384000000002,5.949735629999999,67.47665358,1.859e-05,0.00276281,0.06249967,0.01256144,0.17891316,0.33175540000000003,0.036498459999999996,0.0060374700000000005
1513617587,0.0009860596228681,18.316,0.18381197,1.866e-05,0.22332384000000002,5.949735629999999,67.47665358,1.859e-05,0.00276281,0.06249967,0.01256144,0.17891316,0.33175540000000003,0.036498459999999996,0.0060374700000000005
1513617657,0.0009879337721508997,18.324,0.18381197,1.866e-05,0.22332384000000002,5.949735629999999,67.47665358,1.859e-05,0.00276281,0.06249967,0.01256144,0.17891316,0.33175540000000003,0.036498459999999996,0.0060374700000000005
1513617720,0.0009901182336819,18.366,0.18381197,1.866e-05,0.22332384000000002,5.949735629999999,67.47665358,1.859e-05,0.00276281,0.06249967,0.01256144,0.17891316,0.33175540000000003,0.036498459999999996,0.0060374700000000005
1513617782,0.000988886468623,18.348,0.18381197,1.866e-05,0.22332384000000002,5.949735629999999,67.47665358,1.859e-05,0.00276281,0.06249967,0.01256144,0.17891316,0.33175540000000003,0.036498459999999996,0.0060374700000000005
1513617847,0.0009871126194761,18.325,0.18381197,1.866e-05,0.22332384000000002,5.949735629999999,67.47665358,1.859e-05,0.00276281,0.06249967,0.01256144,0.17891316,0.33175540000000003,0.036498459999999996,0.0060374700000000005
1513617911,0.0009883116303024,18.35,0.18381197,1.866e-05,0.22332384000000002,5.949735629999999,67.47665358,1.859e-05,0.00276281,0.06249967,0.01256144,0.17891316,0.33175540000000003,0.036498459999999996,0.0060374700000000005
1513617977,0.0009893208400544,18.386,0.18381197,1.866e-05,0.22332384000000002,5.949735629999999,67.47665358,1.859e-05,0.00276281,0.06249967,0.01256144,0.17891316,0.33175540000000003,0.036498459999999996,0.0060374700000000005
1513618039,0.0009892181673757,18.387,0.18381197,1.866e-05,0.22332384000000002,5.949735629999999,67.47665358,1.859e-05,0.00276281,0.06249967,0.01256144,0.17891316,0.33175540000000003,0.036498459999999996,0.0060374700000000005
1513618103,0.0009888978910905,18.381,0.18381197,1.866e-05,0.22332384000000002,5.949735629999999,67.47665358,1.859e-05,0.00276281,0.06249967,0.01256144,0.17891316,0.33175540000000003,0.036498459999999996,0.0060374700000000005
1513618166,0.0009907934659407,18.445,0.18381197,1.866e-05,0.22332384000000002,5.949735629999999,67.47665358,1.859e-05,0.00276281,0.06249967,0.01256144,0.17891316,0.33175540000000003,0.036498459999999996,0.0060374700000000005
1513618236,0.0009912553592667,18.447,0.18381197,1.866e-05,0.22332384000000002,5.949735629999999,67.47665358,1.859e-05,0.00276281,0.06249967,0.01256144,0.17891316,0.33175540000000003,0.036498459999999996,0.0060374700000000005
1513618299,0.0009925600923577,18.489,0.18381197,1.866e-05,0.22332384000000002,5.949735629999999,67.47665358,1.859e-05,0.00276281,0.06249967,0.01256144,0.17891316,0.33175540000000003,0.036498459999999996,0.0060374700000000005
1513618365,0.0009927813135665,18.494,0.18381197,1.866e-05,0.22332384000000002,5.949735629999999,67.47665358,1.859e-05,0.00276281,0.06249967,0.01256144,0.17891316,0.33175540000000003,0.036498459999999996,0.0060374700000000005
1513618429,0.0009931717293071,18.507,0.18381197,1.866e-05,0.22332384000000002,5.949735629999999,67.47665358,1.859e-05,0.00276281,0.06249967,0.01256144,0.17891316,0.33175540000000003,0.036498459999999996,0.0060374700000000005
1513618492,0.0010079931372833,18.825,0.18381197,1.866e-05,0.22332384000000002,6.1934055,68.95191943,1.859e-05,0.00276281,0.06249967,0.01256144,0.17891316,0.33175540000000003,0.03649846,0.00642259
1513618555,0.0010096242412166,18.832,0.18381197,1.866e-05,0.22332384000000002,6.1934055,68.95191943,1.859e-05,0.00276281,0.06249967,0.01256144,0.17891316,0.33175540000000003,0.03649846,0.00642259
1513618622,0.0010073817552348,18.807,0.18381197,1.866e-05,0.22332384000000002,6.1934055,68.95191943,1.859e-05,0.00276281,0.06249967,0.01256144,0.17891316,0.33175540000000003,0.03649846,0.00642259
1513618687,0.0010067250116938,18.782,0.18381197,1.866e-05,0.22332384000000002,6.1934055,68.95191943,1.859e-05,0.00276281,0.06249967,0.01256144,0.17891316,0.33175540000000003,0.03649846,0.00642259
1513618752,0.0010072951371099,18.764,0.18381197,1.866e-05,0.22332384000000002,6.1934055,68.95191943,1.859e-05,0.00276281,0.06249967,0.01256144,0.17891316,0.33175540000000003,0.03649846,0.00642259
1513618828,0.0010058725884283001,18.751,0.18381197,1.866e-05,0.22332384000000002,6.1934055,68.95191943,1.859e-05,0.00276281,0.06249967,0.01256144,0.17891316,0.33175540000000003,0.03649846,0.00642259
1513618891,0.0010058681850276003,18.727,0.18381197,1.866e-05,0.22332384000000002,6.1934055,68.95191943,1.859e-05,0.00276281,0.06249967,0.01256144,0.17891316,0.33175540000000003,0.03649846,0.00642259
1513618954,0.0010069763423686,18.742,0.18381197,1.866e-05,0.22332384000000002,6.1934055,68.95191943,1.859e-05,0.00276281,0.06249967,0.01256144,0.17891316,0.33175540000000003,0.03649846,0.00642259
1513619016,0.0010085176360582,18.757,0.18381197,1.866e-05,0.22332384000000002,6.1934055,68.95191943,1.859e-05,0.00276281,0.06249967,0.01256144,0.17891316,0.33175540000000003,0.03649846,0.00642259
1513619081,0.0010100925719233,18.764,0.18381197,1.866e-05,0.22332384000000002,6.1934055,68.95191943,1.859e-05,0.00276281,0.06249967,0.01256144,0.17891316,0.33175540000000003,0.03649846,0.00642259
1513619144,0.0010098090999512,18.76,0.18381197,1.866e-05,0.22332384000000002,6.1934055,68.95191943,1.859e-05,0.00276281,0.06249967,0.01256144,0.17891316,0.33175540000000003,0.03649846,0.00642259
1513619207,0.0010083204856481001,18.732,0.18381197,1.866e-05,0.22332384000000002,6.1934055,68.95191943,1.859e-05,0.00276281,0.06249967,0.01256144,0.17891316,0.33175540000000003,0.03649846,0.00642259
1513619273,0.0010085990225309,18.75,0.18381197,1.866e-05,0.22332384000000002,6.1934055,68.95191943,1.859e-05,0.00276281,0.06249967,0.01256144,0.17891316,0.33175540000000003,0.03649846,0.00642259
1513619342,0.0010074557084302,18.744,0.18381197,1.866e-05,0.22332384000000002,6.1934055,68.95191943,1.859e-05,0.00276281,0.06249967,0.01256144,0.17891316,0.33175540000000003,0.03649846,0.00642259
1513619409,0.0010081195514011002,18.761,0.18381197,1.866e-05,0.22332384000000002,6.1934055,68.95191943,1.859e-05,0.00276281,0.06249967,0.01256144,0.17891316,0.33175540000000003,0.03649846,0.00642259
1513619473,0.0010074627077122,18.758,0.18381197,1.866e-05,0.22332384000000002,6.1934055,68.95191943,1.859e-05,0.00276281,0.06249967,0.01256144,0.17891316,0.33175540000000003,0.03649846,0.00642259
1513619538,0.0010066731105147003,18.742,0.18381197,1.866e-05,0.22332384000000002,6.1934055,68.95191943,1.859e-05,0.00276281,0.06249967,0.01256144,0.17891316,0.33175540000000003,0.03649846,0.00642259
1513619603,0.0010074954606468002,18.758,0.18381197,1.866e-05,0.22332384000000002,6.1934055,68.95191943,1.859e-05,0.00276281,0.06249967,0.01256144,0.17891316,0.33175540000000003,0.03649846,0.00642259
1513619679,0.0010082183421637001,18.775,0.18381197,1.866e-05,0.22332384000000002,6.1934055,68.95191943,1.859e-05,0.00276281,0.06249967,0.01256144,0.17891316,0.33175540000000003,0.03649846,0.00642259
1513619742,0.0010086691523844,18.786,0.18381197,1.866e-05,0.22332384000000002,6.1934055,68.95191943,1.859e-05,0.00276281,0.06249967,0.01256144,0.17891316,0.33175540000000003,0.03649846,0.00642259
1513619807,0.0010074312519716,18.774,0.18381197,1.866e-05,0.22332384000000002,6.1934055,68.95191943,1.859e-05,0.00276281,0.06249967,0.01256144,0.17891316,0.33175540000000003,0.03649846,0.00642259
1513619870,0.0010093379091085,18.788,0.18381197,1.866e-05,0.22332384000000002,6.1934055,68.95191943,1.859e-05,0.00276281,0.06249967,0.01256144,0.17891316,0.33175540000000003,0.03649846,0.00642259
1513619934,0.0010098426209869,18.798,0.18381197,1.866e-05,0.22332384000000002,6.1934055,68.95191943,1.859e-05,0.00276281,0.06249967,0.01256144,0.17891316,0.33175540000000003,0.03649846,0.00642259
1513619997,0.0010131093804627,18.851,0.18381197,1.866e-05,0.22332384000000002,6.1934055,68.95191943,1.859e-05,0.00276281,0.06249967,0.01256144,0.17891316,0.33175540000000003,0.03649846,0.00642259
1513620068,0.0010113989239847999,18.845,0.18381197,1.866e-05,0.22332384000000002,6.1934055,68.95191943,1.859e-05,0.00276281,0.06249967,0.01256144,0.17891316,0.33175540000000003,0.03649846,0.00642259
1513620135,0.0010163557021583,18.923,0.18381197,1.866e-05,0.22332384000000002,6.1934055,68.95191943,1.859e-05,0.00276281,0.06249967,0.01256144,0.17891316,0.33175540000000003,0.03649846,0.00642259
1513620201,0.0010173588934286,18.944,0.18381197,1.866e-05,0.22332384000000002,6.1934055,68.95191943,1.859e-05,0.00276281,0.06249967,0.01256144,0.17891316,0.33175540000000003,0.03649846,0.00642259
1513620277,0.0010158877110390003,18.9,0.18381197,1.866e-05,0.22332384000000002,6.1934055,68.95191943,1.859e-05,0.00276281,0.06249967,0.01256144,0.17891316,0.33175540000000003,0.03649846,0.00642259
1513620342,0.0010207525367688,18.967,0.18381197,1.866e-05,0.22332384000000002,6.2492066600000005,71.11990762,1.859e-05,0.00276281,0.06249967,0.01256144,0.17891316,0.33175540000000003,0.03649846,0.00642259
1513620407,0.001020852184225,18.941,0.18381197,1.866e-05,0.22332384000000002,6.2492066600000005,71.11990762,1.859e-05,0.00276281,0.06249967,0.01256144,0.17891316,0.33175540000000003,0.03649846,0.00642259
1513620470,0.0010178098050058,18.862,0.18381197,1.866e-05,0.22332384000000002,6.2492066600000005,71.11990762,1.859e-05,0.00276281,0.06249967,0.01256144,0.17891316,0.33175540000000003,0.03649846,0.00642259
1513620534,0.0010216045702255,18.919,0.18381197,1.866e-05,0.22332384000000002,6.2492066600000005,71.11990762,1.859e-05,0.00276281,0.06249967,0.01256144,0.17891316,0.33175540000000003,0.03649846,0.00642259
1513620598,0.0010216045702255,18.919,0.18381197,1.866e-05,0.22332384000000002,6.2492066600000005,71.11990762,1.859e-05,0.00276281,0.06249967,0.01256144,0.17891316,0.33175540000000003,0.03649846,0.00642259
1513620661,0.0010230952142019,18.978,0.18381197,1.866e-05,0.22332384000000002,6.2492066600000005,71.11990762,1.859e-05,0.00276281,0.06249967,0.01256144,0.17891316,0.33175540000000003,0.03649846,0.00642259
1513620725,0.0010237299262452,18.973,0.18381197,1.866e-05,0.22332384000000002,6.2492066600000005,71.11990762,1.859e-05,0.00276281,0.06249967,0.01256144,0.17891316,0.33175540000000003,0.03649846,0.00642259
1513620792,0.0010236789906411,18.971,0.18381197,1.866e-05,0.22332384000000002,6.2492066600000005,71.11990762,1.859e-05,0.00276281,0.06249967,0.01256144,0.17891316,0.33175540000000003,0.03649846,0.00642259
1513620856,0.0010231183324653,18.895,0.18381197,1.866e-05,0.22332384000000002,6.2492066600000005,71.11990762,1.859e-05,0.00276281,0.06249967,0.01256144,0.17891316,0.33175540000000003,0.03649846,0.00642259
1513620925,0.0010234149677433,18.926,0.18381197,1.866e-05,0.22332384000000002,6.2492066600000005,71.11990762,1.859e-05,0.00276281,0.06249967,0.01256144,0.17891316,0.33175540000000003,0.03649846,0.00642259
1513620988,0.0010228472354678001,18.878,0.18381197,1.866e-05,0.22332384000000002,6.2492066600000005,71.11990762,1.859e-05,0.00276281,0.06249967,0.01256144,0.17891316,0.33175540000000003,0.03649846,0.00642259
1513621052,0.0010198017386119,18.796,0.18381197,1.866e-05,0.22332384000000002,6.2492066600000005,71.11990762,1.859e-05,0.00276281,0.06249967,0.01256144,0.17891316,0.33175540000000003,0.03649846,0.00642259
1513621115,0.0010205647024944002,18.783,0.18381197,1.866e-05,0.22332384000000002,6.2492066600000005,71.11990762,1.859e-05,0.00276281,0.06249967,0.01256144,0.17891316,0.33175540000000003,0.03649846,0.00642259
1513621181,0.0010221204287227,18.803,0.18381197,1.866e-05,0.22332384000000002,6.2492066600000005,71.11990762,1.859e-05,0.00276281,0.06249967,0.01256144,0.17891316,0.33175540000000003,0.03649846,0.00642259
1513621247,0.0010225850534781,18.812,0.18381197,1.866e-05,0.22332384000000002,6.2492066600000005,71.11990762,1.859e-05,0.00276281,0.06249967,0.01256144,0.17891316,0.33175540000000003,0.03649846,0.00642259
1513621309,0.0010228198884117,18.834,0.18381197,1.866e-05,0.22332384000000002,6.2492066600000005,71.11990762,1.859e-05,0.00276281,0.06249967,0.01256144,0.17891316,0.33175540000000003,0.03649846,0.00642259
1513621372,0.0010223465829492001,18.818,0.18381197,1.866e-05,0.22332384000000002,6.2492066600000005,71.11990762,1.859e-05,0.00276281,0.06249967,0.01256144,0.17891316,0.33175540000000003,0.03649846,0.00642259
1513621434,0.0010222556079523002,18.837,0.18381197,1.866e-05,0.22332384000000002,6.2492066600000005,71.11990762,1.859e-05,0.00276281,0.06249967,0.01256144,0.17891316,0.33175540000000003,0.03649846,0.00642259
1513621498,0.0010185612817678001,18.775,0.18381197,1.866e-05,0.22332384000000002,6.2492066600000005,71.11990762,1.859e-05,0.00276281,0.06249967,0.01256144,0.17891316,0.33175540000000003,0.03649846,0.00642259
1513621560,0.001019793360764,18.842,0.18381197,1.866e-05,0.22332384000000002,6.2492066600000005,71.11990762,1.859e-05,0.00276281,0.06249967,0.01256144,0.17891316,0.33175540000000003,0.03649846,0.00642259
1513621623,0.0010200571991149999,18.837,0.18381197,1.866e-05,0.22332384000000002,6.2492066600000005,71.11990762,1.859e-05,0.00276281,0.06249967,0.01256144,0.17891316,0.33175540000000003,0.03649846,0.00642259
1513621687,0.0010227453984028,18.884,0.18381197,1.866e-05,0.22332384000000002,6.2492066600000005,71.11990762,1.859e-05,0.00276281,0.06249967,0.01256144,0.17891316,0.33175540000000003,0.03649846,0.00642259
1513621751,0.001021164651787,18.896,0.18381197,1.866e-05,0.22332384000000002,6.2492066600000005,71.11990762,1.859e-05,0.00276281,0.06249967,0.01256144,0.17891316,0.33175540000000003,0.03649846,0.00642259
1513621819,0.0010198657057134,18.89,0.18381197,1.866e-05,0.22332384000000002,6.2492066600000005,71.11990762,1.859e-05,0.00276281,0.06249967,0.01256144,0.17891316,0.33175540000000003,0.03649846,0.00642259
1513621882,0.0010178548077684,18.873,0.18381197,1.866e-05,0.22332384000000002,6.2492066600000005,71.11990762,1.859e-05,0.00276281,0.06249967,0.01256144,0.17891316,0.33175540000000003,0.03649846,0.00642259
1513621945,0.001017302311542,18.872,0.18381197,1.866e-05,0.22332384000000002,6.2492066600000005,71.11990762,1.859e-05,0.00276281,0.06249967,0.01256144,0.17891316,0.33175540000000003,0.03649846,0.00642259
1513622008,0.0010218917848006,18.934,0.18381197,1.866e-05,0.22332384000000002,6.2492066600000005,71.11990762,1.859e-05,0.00276281,0.06249967,0.01256144,0.17891316,0.33175540000000003,0.03649846,0.00642259
1513622074,0.0010232414756373002,18.945,0.18381197,1.866e-05,0.22332384000000002,6.2492066600000005,71.11990762,1.859e-05,0.00276281,0.06249967,0.01256144,0.17891316,0.33175540000000003,0.03649846,0.00642259
1513622138,0.0010207153379298,18.894,0.18381197,1.866e-05,0.22332384000000002,6.2492066600000005,71.11990762,1.859e-05,0.00276281,0.06249967,0.01256144,0.17891316,0.33175540000000003,0.03649846,0.00642259
1513622204,0.0010437271308057,19.333,0.18381197,1.866e-05,0.22332384000000002,6.2492066600000005,71.57289505,1.859e-05,0.00285566,0.06249967,0.01256144,0.17891316,0.33175540000000003,0.04584852,0.006422590000000001
1513622266,0.0010448310785824,19.357,0.18381197,1.866e-05,0.22332384000000002,6.2492066600000005,71.57289505,1.859e-05,0.00285566,0.06249967,0.01256144,0.17891316,0.33175540000000003,0.04584852,0.006422590000000001
1513622331,0.0010426959333543,19.333,0.18381197,1.866e-05,0.22332384000000002,6.2492066600000005,71.57289505,1.859e-05,0.00285566,0.06249967,0.01256144,0.17891316,0.33175540000000003,0.04584852,0.006422590000000001
1513622393,0.0010474885323838,19.425,0.18381197,1.866e-05,0.22332384000000002,6.2492066600000005,71.57289505,1.859e-05,0.00285566,0.06249967,0.01256144,0.17891316,0.33175540000000003,0.04584852,0.006422590000000001
1513622462,0.001046845149644,19.466,0.18381197,1.866e-05,0.22332384000000002,6.2492066600000005,71.57289505,1.859e-05,0.00285566,0.06249967,0.01256144,0.17891316,0.33175540000000003,0.04584852,0.006422590000000001
1513622524,0.0010469410535383,19.464,0.18381197,1.866e-05,0.22332384000000002,6.2492066600000005,71.57289505,1.859e-05,0.00285566,0.06249967,0.01256144,0.17891316,0.33175540000000003,0.04584852,0.006422590000000001
1513622587,0.0010478454559036,19.482,0.18381197,1.866e-05,0.22332384000000002,6.2492066600000005,71.57289505,1.859e-05,0.00285566,0.06249967,0.01256144,0.17891316,0.33175540000000003,0.04584852,0.006422590000000001
1513622652,0.0010512753810963,19.496,0.18381197,1.866e-05,0.22332384000000002,6.2492066600000005,71.57289505,1.859e-05,0.00285566,0.06249967,0.01256144,0.17891316,0.33175540000000003,0.04584852,0.006422590000000001
1513622716,0.001051245855057,19.491,0.18381197,1.866e-05,0.22332384000000002,6.2492066600000005,71.57289505,1.859e-05,0.00285566,0.06249967,0.01256144,0.17891316,0.33175540000000003,0.04584852,0.006422590000000001
1513622783,0.0010513104862705,19.487,0.18381197,1.866e-05,0.22332384000000002,6.2492066600000005,71.57289505,1.859e-05,0.00285566,0.06249967,0.01256144,0.17891316,0.33175540000000003,0.04584852,0.006422590000000001
1513622852,0.0010531198878501,19.52,0.18381197,1.866e-05,0.22332384000000002,6.2492066600000005,71.57289505,1.859e-05,0.00285566,0.06249967,0.01256144,0.17891316,0.33175540000000003,0.04584852,0.006422590000000001
1513622915,0.0010522162642831,19.496,0.18381197,1.866e-05,0.22332384000000002,6.2492066600000005,71.57289505,1.859e-05,0.00285566,0.06249967,0.01256144,0.17891316,0.33175540000000003,0.04584852,0.006422590000000001
1513622981,0.0010544798976801003,19.508,0.18381197,1.866e-05,0.22332384000000002,6.2492066600000005,71.57289505,1.859e-05,0.00285566,0.06249967,0.01256144,0.17891316,0.33175540000000003,0.04584852,0.006422590000000001
1513623044,0.0010518048712046,19.431,0.18381197,1.866e-05,0.22332384000000002,6.2492066600000005,71.57289505,1.859e-05,0.00285566,0.06249967,0.01256144,0.17891316,0.33175540000000003,0.04584852,0.006422590000000001
1513623108,0.0010547634704153,19.481,0.18381197,1.866e-05,0.22332384000000002,6.2492066600000005,71.57289505,1.859e-05,0.00285566,0.06249967,0.01256144,0.17891316,0.33175540000000003,0.04584852,0.006422590000000001
1513623176,0.0010529623246300001,19.438,0.18381197,1.866e-05,0.22332384000000002,6.2492066600000005,71.57289505,1.859e-05,0.00285566,0.06249967,0.01256144,0.17891316,0.33175540000000003,0.04584852,0.006422590000000001
1513623239,0.0010531732029390002,19.443,0.18381197,1.866e-05,0.22332384000000002,6.2492066600000005,71.57289505,1.859e-05,0.00285566,0.06249967,0.01256144,0.17891316,0.33175540000000003,0.04584852,0.006422590000000001
1513623302,0.0010540976282821,19.467,0.18381197,1.866e-05,0.22332384000000002,6.2492066600000005,71.57289505,1.859e-05,0.00285566,0.06249967,0.01256144,0.17891316,0.33175540000000003,0.04584852,0.006422590000000001
1513623366,0.0010543762620144,19.496,0.18381197,1.866e-05,0.22332384000000002,6.2492066600000005,71.57289505,1.859e-05,0.00285566,0.06249967,0.01256144,0.17891316,0.33175540000000003,0.04584852,0.006422590000000001
1513623431,0.0010551973025824002,19.498,0.18381197,1.866e-05,0.22332384000000002,6.2492066600000005,71.57289505,1.859e-05,0.00285566,0.06249967,0.01256144,0.17891316,0.33175540000000003,0.04584852,0.006422590000000001
1513623499,0.0010561410014474,19.516,0.18381197,1.866e-05,0.22332384000000002,6.2492066600000005,71.57289505,1.859e-05,0.00285566,0.06249967,0.01256144,0.17891316,0.33175540000000003,0.04584852,0.006422590000000001
1513623563,0.0010553600775993,19.526,0.18381197,1.866e-05,0.22332384000000002,6.2492066600000005,71.57289505,1.859e-05,0.00285566,0.06249967,0.01256144,0.17891316,0.33175540000000003,0.04584852,0.006422590000000001
1513623648,0.0010556120168155,19.547,0.18381197,1.866e-05,0.22332384000000002,6.2492066600000005,71.57289505,1.859e-05,0.00285566,0.06249967,0.01256144,0.17891316,0.33175540000000003,0.04584852,0.006422590000000001
1513623723,0.0010542966470622,19.542,0.18381197,1.866e-05,0.22332384000000002,6.2492066600000005,71.57289505,1.859e-05,0.00285566,0.06249967,0.01256144,0.17891316,0.33175540000000003,0.04584852,0.006422590000000001
1513623787,0.0010520704629617,19.487,0.18381197,1.866e-05,0.22332384000000002,6.2492066600000005,71.57289505,1.859e-05,0.00285566,0.06249967,0.01256144,0.17891316,0.33175540000000003,0.04584852,0.006422590000000001
1513623856,0.0010531045623726,19.51,0.18381197,1.866e-05,0.22332384000000002,6.2492066600000005,71.57289505,1.859e-05,0.00285566,0.06249967,0.01256144,0.17891316,0.33175540000000003,0.04584852,0.006422590000000001
1513623924,0.0010524031362723,19.502,0.18381197,1.866e-05,0.22332384000000002,6.2492066600000005,71.57289505,1.859e-05,0.00285566,0.06249967,0.01256144,0.17891316,0.33175540000000003,0.04584852,0.006422590000000001
1513623991,0.0010520009048505998,19.512,0.18381197,1.866e-05,0.22332384000000002,6.2492066600000005,71.57289505,1.859e-05,0.00285566,0.06249967,0.01256144,0.17891316,0.33175540000000003,0.04584852,0.006422590000000001
1513624056,0.0010575980348981,19.619,0.18381197,1.866e-05,0.22332384000000002,6.47613974,71.57289505,1.859e-05,0.00287082,0.06249967,0.01256144,0.17891316,0.33175540000000003,0.04599272,0.006422590000000001
1513624119,0.0010589225373321002,19.65,0.18381197,1.866e-05,0.22332384000000002,6.47613974,71.57289505,1.859e-05,0.00287082,0.06249967,0.01256144,0.17891316,0.33175540000000003,0.04599272,0.006422590000000001
1513624183,0.0010604891528942,19.687,0.18381197,1.866e-05,0.22332384000000002,6.47613974,71.57289505,1.859e-05,0.00287082,0.06249967,0.01256144,0.17891316,0.33175540000000003,0.04599272,0.006422590000000001
1513624249,0.0010603434037696,19.724,0.18381197,1.866e-05,0.22332384000000002,6.47613974,71.57289505,1.859e-05,0.00287082,0.06249967,0.01256144,0.17891316,0.33175540000000003,0.04599272,0.006422590000000001
1513624311,0.0010580368436561,19.757,0.18381197,1.866e-05,0.22332384000000002,6.47613974,71.57289505,1.859e-05,0.00287082,0.06249967,0.01256144,0.17891316,0.33175540000000003,0.04599272,0.006422590000000001
1513624376,0.0010580145528349,19.793,0.18381197,1.866e-05,0.22332384000000002,6.47613974,71.57289505,1.859e-05,0.00287082,0.06249967,0.01256144,0.17891316,0.33175540000000003,0.04599272,0.006422590000000001
1513624441,0.0010593489523987002,19.811,0.18381197,1.866e-05,0.22332384000000002,6.47613974,71.57289505,1.859e-05,0.00287082,0.06249967,0.01256144,0.17891316,0.33175540000000003,0.04599272,0.006422590000000001
1513631286,0.0010968284967848,20.533,0.18381197,1.866e-05,0.23713535000000002,6.47613974,72.21133087,1.859e-05,0.00345981,0.07726475,0.01256144,0.17891316,0.33472637,0.04599272,0.006422590000000001
1513631350,0.0010968921652232,20.534,0.18381197,1.866e-05,0.23713535000000002,6.47613974,72.21133087,1.859e-05,0.00345981,0.07726475,0.01256144,0.17891316,0.33472637,0.04599272,0.006422590000000001
1513631418,0.001096358505149,20.518,0.18381197,1.866e-05,0.23713535000000002,6.47613974,72.21133087,1.859e-05,0.00345981,0.07726475,0.01256144,0.17891316,0.33472637,0.04599272,0.006422590000000001
1513631481,0.0010978012270618002,20.559,0.18381197,1.866e-05,0.23713535000000002,6.47613974,72.21133087,1.859e-05,0.00345981,0.07726475,0.01256144,0.17891316,0.33472637,0.04599272,0.006422590000000001
1513631546,0.0010988893810501,20.579,0.18381197,1.866e-05,0.23713535000000002,6.47613974,72.21133087,1.859e-05,0.00345981,0.07726475,0.01256144,0.17891316,0.33472637,0.04599272,0.006422590000000001
1513661461,0.0010982807006494999,20.595,0.18381197,1.866e-05,0.23713535000000002,6.47613974,72.21133087,1.859e-05,0.00345981,0.07726475,0.01256144,0.17891316,0.33472637,0.04599272,0.006422590000000001
1513661523,0.0010999292606474,20.639,0.18381197,1.866e-05,0.23713535000000002,6.47613974,72.21133087,1.859e-05,0.00345981,0.07726475,0.01256144,0.17891316,0.33472637,0.04599272,0.006422590000000001
1513661586,0.0011009607261202002,20.641,0.18381197,1.866e-05,0.23713535000000002,6.47613974,72.21133087,1.859e-05,0.00345981,0.07726475,0.01256144,0.17891316,0.33472637,0.04599272,0.006422590000000001
1513661649,0.0010979775665779,20.589,0.18381197,1.866e-05,0.23713535000000002,6.47613974,72.21133087,1.859e-05,0.00345981,0.07726475,0.01256144,0.17891316,0.33472637,0.04599272,0.006422590000000001
1513661713,0.0010975164297606999,20.593,0.18381197,1.866e-05,0.23713535000000002,6.47613974,72.21133087,1.859e-05,0.00345981,0.07726475,0.01256144,0.17891316,0.33472637,0.04599272,0.006422590000000001
1513661776,0.0010975572396844,20.597,0.18381197,1.866e-05,0.23713535000000002,6.47613974,72.21133087,1.859e-05,0.00345981,0.07726475,0.01256144,0.17891316,0.33472637,0.04599272,0.006422590000000001
1513661839,0.0010980107404227,20.608,0.18381197,1.866e-05,0.23713535000000002,6.47613974,72.21133087,1.859e-05,0.00345981,0.07726475,0.01256144,0.17891316,0.33472637,0.04599272,0.006422590000000001
1513661901,0.0011036337435510002,20.721,0.18381197,1.866e-05,0.23713535000000002,6.47613974,75.32231753,1.859e-05,0.00345981,0.07726475,0.01256144,0.17891316,0.33472637,0.04599272,0.006422590000000001
1513661965,0.0011032934709578998,20.71,0.18381197,1.866e-05,0.23713535000000002,6.47613974,75.32231753,1.859e-05,0.00345981,0.07726475,0.01256144,0.17891316,0.33472637,0.04599272,0.006422590000000001
1513662029,0.0011021420758736999,20.698,0.18381197,1.866e-05,0.23713535000000002,6.47613974,75.32231753,1.859e-05,0.00345981,0.07726475,0.01256144,0.17891316,0.33472637,0.04599272,0.006422590000000001
1513662092,0.0011019442544638,20.659,0.18381197,1.866e-05,0.23713535000000002,6.47613974,75.32231753,1.859e-05,0.00345981,0.07726475,0.01256144,0.17891316,0.33472637,0.04599272,0.006422590000000001
1513662154,0.0011049202621977,20.712,0.18381197,1.866e-05,0.23713535000000002,6.47613974,75.32231753,1.859e-05,0.00345981,0.07726475,0.01256144,0.17891316,0.33472637,0.04599272,0.006422590000000001
1513662217,0.0011059903960451,20.747,0.18381197,1.866e-05,0.23713535000000002,6.47613974,75.32231753,1.859e-05,0.00345981,0.07726475,0.01256144,0.17891316,0.33472637,0.04599272,0.006422590000000001
1513662279,0.0011042995921497,20.681,0.18381197,1.866e-05,0.23713535000000002,6.47613974,75.32231753,1.859e-05,0.00345981,0.07726475,0.01256144,0.17891316,0.33472637,0.04599272,0.006422590000000001
1513662342,0.0011039292655396,20.668,0.18381197,1.866e-05,0.23713535000000002,6.47613974,75.32231753,1.859e-05,0.00345981,0.07726475,0.01256144,0.17891316,0.33472637,0.04599272,0.006422590000000001
1513662405,0.0011064029472256,20.717,0.18381197,1.866e-05,0.23713535000000002,6.47613974,75.32231753,1.859e-05,0.00345981,0.07726475,0.01256144,0.17891316,0.33472637,0.04599272,0.006422590000000001
1513662468,0.0011054228465629,20.698,0.18381197,1.866e-05,0.23713535000000002,6.47613974,75.32231753,1.859e-05,0.00345981,0.07726475,0.01256144,0.17891316,0.33472637,0.04599272,0.006422590000000001
1513662530,0.0011043022534592,20.679,0.18381197,1.866e-05,0.23713535000000002,6.47613974,75.32231753,1.859e-05,0.00345981,0.07726475,0.01256144,0.17891316,0.33472637,0.04599272,0.006422590000000001
1513662594,0.0011029269567867,20.653,0.18381197,1.866e-05,0.23713535000000002,6.47613974,75.32231753,1.859e-05,0.00345981,0.07726475,0.01256144,0.17891316,0.33472637,0.04599272,0.006422590000000001
1513662656,0.0011024756303571002,20.636,0.18381197,1.866e-05,0.23713535000000002,6.47613974,75.32231753,1.859e-05,0.00345981,0.07726475,0.01256144,0.17891316,0.33472637,0.04599272,0.006422590000000001
1513662719,0.0011011447087891002,20.637,0.18381197,1.866e-05,0.23713535000000002,6.47613974,75.32231753,1.859e-05,0.00345981,0.07726475,0.01256144,0.17891316,0.33472637,0.04599272,0.006422590000000001
1513662786,0.0011012111306205,20.627,0.18381197,1.866e-05,0.23713535000000002,6.47613974,75.32231753,1.859e-05,0.00345981,0.07726475,0.01256144,0.17891316,0.33472637,0.04599272,0.006422590000000001
1513662849,0.0011025967051929001,20.636,0.18381197,1.866e-05,0.23713535000000002,6.47613974,75.32231753,1.859e-05,0.00345981,0.07726475,0.01256144,0.17891316,0.33472637,0.04599272,0.006422590000000001
1513662913,0.0011016926902494,20.656,0.18381197,1.866e-05,0.23713535000000002,6.47613974,75.32231753,1.859e-05,0.00345981,0.07726475,0.01256144,0.17891316,0.33472637,0.04599272,0.006422590000000001
1513662976,0.0011016857475775,20.646,0.18381197,1.866e-05,0.23713535000000002,6.47613974,75.32231753,1.859e-05,0.00345981,0.07726475,0.01256144,0.17891316,0.33472637,0.04599272,0.006422590000000001
1513663039,0.0011026930966954,20.658,0.18381197,1.866e-05,0.23713535000000002,6.47613974,75.32231753,1.859e-05,0.00345981,0.07726475,0.01256144,0.17891316,0.33472637,0.04599272,0.006422590000000001
1513663101,0.0011017702867432999,20.639,0.18381197,1.866e-05,0.23713535000000002,6.47613974,75.32231753,1.859e-05,0.00345981,0.07726475,0.01256144,0.17891316,0.33472637,0.04599272,0.006422590000000001
1513663164,0.0011048679091324,20.702,0.18381197,1.866e-05,0.23713535000000002,6.47613974,75.32231753,1.859e-05,0.00345981,0.07726475,0.01256144,0.17891316,0.33472637,0.04599272,0.006422590000000001
