Time,BTC_total_value,Fiat_total_value,MAX,GRS,BTC,VTC,FTC,DGB,XMY,ETH,ZEC,ZCL,XZC,MUSIC,MONA,ZEN,BTG
1513836854,0.0027982783275297   ,47.11 ,0.06404305,1.55286983,1.866e-05,0.2926917 ,11.84828649       ,150.13072892000002,3.67074307,1.859e-05,0.00553923           ,0.11394339,0.01256144,0.17891316,0.47162605         ,0.07193011,0.030305290000000002
1513836920,0.0027999965912989997,47.193,0.06404305,1.55286983,1.866e-05,0.2926917 ,11.84828649       ,150.13072892000002,3.67074307,1.859e-05,0.00553923           ,0.11394339,0.01256144,0.17891316,0.47162605         ,0.07193011,0.030305290000000002
1513836985,0.0028099599391276002,47.412,0.06404305,1.55286983,1.866e-05,0.2926917 ,11.84828649       ,150.48647826      ,3.67074307,1.859e-05,0.00553923           ,0.11394339,0.01256144,0.17891316,0.4742342          ,0.07193011,0.030305290000000002
1513837120,0.0028071058030170004,47.392,0.06404305,1.55286983,1.866e-05,0.2926917 ,11.84828649       ,150.48647826      ,3.67074307,1.859e-05,0.00553923           ,0.11394339,0.01256144,0.17891316,0.4742342          ,0.07193011,0.030305290000000002
1513837288,0.0028045016646462   ,47.341,0.06404305,1.55286983,1.866e-05,0.2926917 ,11.84828649       ,150.48647826      ,3.67074307,1.859e-05,0.00553923           ,0.11394339,0.01256144,0.17891316,0.4742342          ,0.07193011,0.030305290000000002
1513837352,0.0028060878827535   ,47.319,0.06404305,1.55286983,1.866e-05,0.2926917 ,11.84828649       ,150.48647826      ,3.67074307,1.859e-05,0.00553923           ,0.11394339,0.01256144,0.17891316,0.4742342          ,0.07193011,0.030305290000000002
1513837416,0.0028087341050346   ,47.367,0.06404305,1.55286983,1.866e-05,0.2926917 ,11.84828649       ,150.48647826      ,3.67074307,1.859e-05,0.00553923           ,0.11394339,0.01256144,0.17891316,0.4742342          ,0.07193011,0.030305290000000002
1513837480,0.0028063151514302   ,47.375,0.06404305,1.55286983,1.866e-05,0.2926917 ,11.84828649       ,150.48647826      ,3.67074307,1.859e-05,0.00553923           ,0.11394339,0.01256144,0.17891316,0.4742342          ,0.07193011,0.030305290000000002
1513837544,0.0028052397212466   ,47.357,0.06404305,1.55286983,1.866e-05,0.2926917 ,11.84828649       ,150.48647826      ,3.67074307,1.859e-05,0.00553923           ,0.11394339,0.01256144,0.17891316,0.4742342          ,0.07193011,0.030305290000000002
1513837608,0.0028026896543026005,47.298,0.06404305,1.55286983,1.866e-05,0.2926917 ,11.84828649       ,150.48647826      ,3.67074307,1.859e-05,0.00553923           ,0.11394339,0.01256144,0.17891316,0.4742342          ,0.07193011,0.030305290000000002
1513837672,0.0028053204412674003,47.339,0.06404305,1.55286983,1.866e-05,0.2926917 ,11.84828649       ,150.48647826      ,3.67074307,1.859e-05,0.00553923           ,0.11394339,0.01256144,0.17891316,0.4742342          ,0.07193011,0.030305290000000002
1513837737,0.0028031709691777994,47.288,0.06404305,1.55286983,1.866e-05,0.2926917 ,11.84828649       ,150.48647826      ,3.67074307,1.859e-05,0.00553923           ,0.11394339,0.01256144,0.17891316,0.4742342          ,0.07193011,0.030305290000000002
1513837801,0.0028036512166783   ,47.32 ,0.06404305,1.55286983,1.866e-05,0.2926917 ,11.84828649       ,150.48647826      ,3.67074307,1.859e-05,0.00553923           ,0.11394339,0.01256144,0.17891316,0.4742342          ,0.07193011,0.030305290000000002
1513837871,0.0028037393039294   ,47.341,0.06404305,1.55286983,1.866e-05,0.2926917 ,11.84828649       ,150.48647826      ,3.67074307,1.859e-05,0.00553923           ,0.11394339,0.01256144,0.17891316,0.4742342          ,0.07193011,0.030305290000000002
1513837935,0.0028039585478555   ,47.357,0.06404305,1.55286983,1.866e-05,0.2926917 ,11.84828649       ,150.48647826      ,3.67074307,1.859e-05,0.00553923           ,0.11394339,0.01256144,0.17891316,0.4742342          ,0.07193011,0.030305290000000002
1513838001,0.0028015698810512995,47.39 ,0.06404305,1.55286983,1.866e-05,0.2926917 ,11.84828649       ,150.48647826      ,3.67074307,1.859e-05,0.00553923           ,0.11394339,0.01256144,0.17891316,0.4742342          ,0.07193011,0.030305290000000002
1513838066,0.0027952643830596   ,47.262,0.06404305,1.55286983,1.866e-05,0.2926917 ,11.84828649       ,150.48647826      ,3.67074307,1.859e-05,0.00553923           ,0.11394339,0.01256144,0.17891316,0.4742342          ,0.07193011,0.030305290000000002
1513838130,0.0027968340936741997,47.384,0.06404305,1.55286983,1.866e-05,0.2926917 ,11.84828649       ,150.48647826      ,3.67074307,1.859e-05,0.00553923           ,0.11394339,0.01256144,0.17891316,0.4742342          ,0.07193011,0.030305290000000002
1513838194,0.0027940222910612   ,47.315,0.06404305,1.55286983,1.866e-05,0.2926917 ,11.84828649       ,150.48647826      ,3.67074307,1.859e-05,0.00553923           ,0.11394339,0.01256144,0.17891316,0.4742342          ,0.07193011,0.030305290000000002
1513838258,0.0027962661356118   ,47.376,0.06404305,1.55286983,1.866e-05,0.2926917 ,11.84828649       ,150.48647826      ,3.67074307,1.859e-05,0.00553923           ,0.11394339,0.01256144,0.17891316,0.4742342          ,0.07193011,0.030305290000000002
1513838323,0.0028005473173324997,47.442,0.06404305,1.55286983,1.866e-05,0.2926917 ,11.84828649       ,150.48647826      ,3.67074307,1.859e-05,0.00553923           ,0.11394339,0.01256144,0.17891316,0.4742342          ,0.07193011,0.030305290000000002
1513838387,0.0028024862528526996,47.488,0.06404305,1.55286983,1.866e-05,0.2926917 ,11.84828649       ,150.48647826      ,3.67074307,1.859e-05,0.00553923           ,0.11394339,0.01256144,0.17891316,0.4742342          ,0.07193011,0.030305290000000002
1513838451,0.0028007174128318003,47.507,0.06404305,1.55286983,1.866e-05,0.2926917 ,11.84828649       ,150.48647826      ,3.67074307,1.859e-05,0.00553923           ,0.11394339,0.01256144,0.17891316,0.4742342          ,0.07193011,0.030305290000000002
1513838515,0.0027992667609024   ,47.508,0.06404305,1.55286983,1.866e-05,0.2926917 ,11.84828649       ,150.48647826      ,3.67074307,1.859e-05,0.00553923           ,0.11394339,0.01256144,0.17891316,0.4742342          ,0.07193011,0.030305290000000002
1513838580,0.0027984733654972003,47.479,0.06404305,1.55286983,1.866e-05,0.2926917 ,11.84828649       ,150.48647826      ,3.67074307,1.859e-05,0.00553923           ,0.11394339,0.01256144,0.17891316,0.4742342          ,0.07193011,0.030305290000000002
1513838650,0.0028027148896158   ,47.587,0.06404305,1.55286983,1.866e-05,0.2926917 ,11.84828649       ,150.48647826      ,3.67074307,1.859e-05,0.00553923           ,0.11394339,0.01256144,0.17891316,0.4742342          ,0.07193011,0.030305290000000002
1513838716,0.0028118294977135   ,47.725,0.06404305,1.55286983,1.866e-05,0.2926917 ,11.84828649       ,150.48647826      ,3.67074307,1.859e-05,0.00553923           ,0.11394339,0.01256144,0.17891316,0.4742342          ,0.07193011,0.030305290000000002
1513838782,0.0028138120382082   ,47.771,0.06404305,1.55286983,1.866e-05,0.2926917 ,11.84828649       ,150.48647826      ,3.67074307,1.859e-05,0.00553923           ,0.11394339,0.01256144,0.17891316,0.4742342          ,0.07193011,0.030305290000000002
1513838847,0.0028360683285927005,48.175,0.06404305,1.55286983,1.866e-05,0.30621433,11.848286490000001,152.65047111      ,3.67074307,1.859e-05,0.00553923           ,0.11394339,0.01256144,0.17891316,0.47963065000000005,0.07193011,0.030305290000000002
1513838911,0.0028399681038691   ,48.223,0.06404305,1.55286983,1.866e-05,0.30621433,11.848286490000001,152.65047111      ,3.67074307,1.859e-05,0.00553923           ,0.11394339,0.01256144,0.17891316,0.47963065000000005,0.07193011,0.030305290000000002
1513838975,0.0028523911717168   ,48.464,0.06404305,1.55286983,1.866e-05,0.30621433,11.848286490000001,152.65047111      ,3.67074307,1.859e-05,0.00553923           ,0.11394339,0.01256144,0.17891316,0.47963065000000005,0.07193011,0.030305290000000002
1513839040,0.0028551628594887003,48.552,0.06404305,1.55286983,1.866e-05,0.30621433,11.848286490000001,152.65047111      ,3.67074307,1.859e-05,0.00553923           ,0.11394339,0.01256144,0.17891316,0.47963065000000005,0.07193011,0.030305290000000002
1513839104,0.0028390908794753   ,48.284,0.06404305,1.55286983,1.866e-05,0.30621433,11.848286490000001,152.65047111      ,3.67074307,1.859e-05,0.00553923           ,0.11394339,0.01256144,0.17891316,0.47963065000000005,0.07193011,0.030305290000000002
1513839168,0.0028542208639922005,48.473,0.06404305,1.55286983,1.866e-05,0.30621433,11.848286490000001,152.65047111      ,3.67074307,1.859e-05,0.00553923           ,0.11394339,0.01256144,0.17891316,0.47963065000000005,0.07193011,0.030305290000000002
1513839233,0.0028568987351383006,48.537,0.06404305,1.55286983,1.866e-05,0.30621433,11.848286490000001,152.65047111      ,3.67074307,1.859e-05,0.00553923           ,0.11394339,0.01256144,0.17891316,0.47963065000000005,0.07193011,0.030305290000000002
1513839297,0.0028535898249194003,48.573,0.06404305,1.55286983,1.866e-05,0.30621433,11.848286490000001,152.65047111      ,3.67074307,1.859e-05,0.00553923           ,0.11394339,0.01256144,0.17891316,0.47963065000000005,0.07193011,0.030305290000000002
1513839363,0.0028502878502549003,48.651,0.06404305,1.55286983,1.866e-05,0.30621433,11.848286490000001,152.65047111      ,3.67074307,1.859e-05,0.00553923           ,0.11394339,0.01256144,0.17891316,0.47963065000000005,0.07193011,0.030305290000000002
1513839429,0.0028504073143756996,48.638,0.06404305,1.55286983,1.866e-05,0.30621433,11.848286490000001,152.65047111      ,3.67074307,1.859e-05,0.00553923           ,0.11394339,0.01256144,0.17891316,0.47963065000000005,0.07193011,0.030305290000000002
1513839496,0.0028359350981913   ,48.413,0.06404305,1.55286983,1.866e-05,0.30621433,11.848286490000001,152.65047111      ,3.67074307,1.859e-05,0.00553923           ,0.11394339,0.01256144,0.17891316,0.47963065000000005,0.07193011,0.030305290000000002
1513839561,0.0028400172923711   ,48.472,0.06404305,1.55286983,1.866e-05,0.30621433,11.848286490000001,152.65047111      ,3.67074307,1.859e-05,0.00553923           ,0.11394339,0.01256144,0.17891316,0.47963065000000005,0.07193011,0.030305290000000002
1513839629,0.0028401996993086   ,48.501,0.06404305,1.55286983,1.866e-05,0.30621433,11.848286490000001,152.65047111      ,3.67074307,1.859e-05,0.00553923           ,0.11394339,0.01256144,0.17891316,0.47963065000000005,0.07193011,0.030305290000000002
1513839694,0.0028409352204016997,48.527,0.06404305,1.55286983,1.866e-05,0.30621433,11.848286490000001,152.65047111      ,3.67074307,1.859e-05,0.00553923           ,0.11394339,0.01256144,0.17891316,0.47963065000000005,0.07193011,0.030305290000000002
1513839759,0.0028448323471003   ,48.613,0.06404305,1.55286983,1.866e-05,0.30621433,11.848286490000001,152.65047111      ,3.67074307,1.859e-05,0.00553923           ,0.11394339,0.01256144,0.17891316,0.47963065000000005,0.07193011,0.030305290000000002
1513839823,0.0028463458519172   ,48.687,0.06404305,1.55286983,1.866e-05,0.30621433,11.848286490000001,152.65047111      ,3.67074307,1.859e-05,0.00553923           ,0.11394339,0.01256144,0.17891316,0.47963065000000005,0.07193011,0.030305290000000002
1513839887,0.0028480267054754003,48.712,0.06404305,1.55286983,1.866e-05,0.30621433,11.848286490000001,152.65047111      ,3.67074307,1.859e-05,0.00553923           ,0.11394339,0.01256144,0.17891316,0.47963065000000005,0.07193011,0.030305290000000002
1513839951,0.0028474401121288   ,48.706,0.06404305,1.55286983,1.866e-05,0.30621433,11.848286490000001,152.65047111      ,3.67074307,1.859e-05,0.00553923           ,0.11394339,0.01256144,0.17891316,0.47963065000000005,0.07193011,0.030305290000000002
1513840017,0.0028379900040789   ,48.562,0.06404305,1.55286983,1.866e-05,0.30621433,11.848286490000001,152.65047111      ,3.67074307,1.859e-05,0.00553923           ,0.11394339,0.01256144,0.17891316,0.47963065000000005,0.07193011,0.030305290000000002
1513840082,0.0028312699312535005,48.419,0.06404305,1.55286983,1.866e-05,0.30621433,11.848286490000001,152.65047111      ,3.67074307,1.859e-05,0.00553923           ,0.11394339,0.01256144,0.17891316,0.47963065000000005,0.07193011,0.030305290000000002
1513840148,0.0028303732982236   ,48.435,0.06404305,1.55286983,1.866e-05,0.30621433,11.848286490000001,152.65047111      ,3.67074307,1.859e-05,0.00553923           ,0.11394339,0.01256144,0.17891316,0.47963065000000005,0.07193011,0.030305290000000002
1513840217,0.0028353958701045   ,48.521,0.06404305,1.55286983,1.866e-05,0.30621433,11.848286490000001,152.65047111      ,3.67074307,1.859e-05,0.00553923           ,0.11394339,0.01256144,0.17891316,0.47963065000000005,0.07193011,0.030305290000000002
1513840282,0.0028344289427990003,48.521,0.06404305,1.55286983,1.866e-05,0.30621433,11.848286490000001,152.65047111      ,3.67074307,1.859e-05,0.00553923           ,0.11394339,0.01256144,0.17891316,0.47963065000000005,0.07193011,0.030305290000000002
1513840346,0.0028355059738723004,48.542,0.06404305,1.55286983,1.866e-05,0.30621433,11.848286490000001,152.65047111      ,3.67074307,1.859e-05,0.00553923           ,0.11394339,0.01256144,0.17891316,0.47963065000000005,0.07193011,0.030305290000000002
1513840411,0.0028360630953070997,48.623,0.06404305,1.55286983,1.866e-05,0.30621433,11.848286490000001,152.65047111      ,3.67074307,1.859e-05,0.00553923           ,0.11394339,0.01256144,0.17891316,0.47963065000000005,0.07193011,0.030305290000000002
1513840476,0.0028410575635268   ,48.793,0.06404305,1.55286983,1.866e-05,0.30621433,11.848286490000001,152.65047111      ,3.67074307,1.859e-05,0.00553923           ,0.11394339,0.01256144,0.17891316,0.47963065000000005,0.07193011,0.030305290000000002
1513840542,0.0028381061076325005,48.805,0.06404305,1.55286983,1.866e-05,0.30621433,11.848286490000001,152.65047111      ,3.67074307,1.859e-05,0.00553923           ,0.11394339,0.01256144,0.17891316,0.47963065000000005,0.07193011,0.030305290000000002
1513840606,0.0028340220171613   ,48.735,0.06404305,1.55286983,1.866e-05,0.30621433,11.848286490000001,152.65047111      ,3.67074307,1.859e-05,0.00553923           ,0.11394339,0.01256144,0.17891316,0.47963065000000005,0.07193011,0.030305290000000002
1513840671,0.0028418435007241004,48.889,0.06404305,1.55286983,1.866e-05,0.30621433,12.13986306       ,152.65047111      ,3.67074307,1.859e-05,0.00553923           ,0.11394339,0.01256144,0.17891316,0.47963065000000005,0.07193011,0.030305290000000002
1513840736,0.0028426915946839   ,48.924,0.06404305,1.55286983,1.866e-05,0.30621433,12.13986306       ,152.65047111      ,3.67074307,1.859e-05,0.00553923           ,0.11394339,0.01256144,0.17891316,0.47963065000000005,0.07193011,0.030305290000000002
1513840801,0.0028384593703068   ,48.841,0.06404305,1.55286983,1.866e-05,0.30621433,12.13986306       ,152.65047111      ,3.67074307,1.859e-05,0.00553923           ,0.11394339,0.01256144,0.17891316,0.47963065000000005,0.07193011,0.030305290000000002
1513840866,0.0028324810859454   ,48.659,0.06404305,1.55286983,1.866e-05,0.30621433,12.13986306       ,152.65047111      ,3.67074307,1.859e-05,0.00553923           ,0.11394339,0.01256144,0.17891316,0.47963065000000005,0.07193011,0.030305290000000002
1513840931,0.0028204928732908   ,48.438,0.06404305,1.55286983,1.866e-05,0.30621433,12.13986306       ,152.65047111      ,3.67074307,1.859e-05,0.00553923           ,0.11394339,0.01256144,0.17891316,0.47963065000000005,0.07193011,0.030305290000000002
1513841000,0.0028203088723062   ,48.408,0.06404305,1.55286983,1.866e-05,0.30621433,12.13986306       ,152.65047111      ,3.67074307,1.859e-05,0.00553923           ,0.11394339,0.01256144,0.17891316,0.47963065000000005,0.07193011,0.030305290000000002
1513841065,0.0028170266411501996,48.263,0.06404305,1.55286983,1.866e-05,0.30621433,12.13986306       ,152.65047111      ,3.67074307,1.859e-05,0.00553923           ,0.11394339,0.01256144,0.17891316,0.47963065000000005,0.07193011,0.030305290000000002
1513841131,0.0028164963860466   ,48.143,0.06404305,1.55286983,1.866e-05,0.30621433,12.13986306       ,152.65047111      ,3.67074307,1.859e-05,0.00553923           ,0.11394339,0.01256144,0.17891316,0.47963065000000005,0.07193011,0.030305290000000002
1513841196,0.0028206891481424   ,48.207,0.06404305,1.55286983,1.866e-05,0.30621433,12.13986306       ,152.65047111      ,3.67074307,1.859e-05,0.00553923           ,0.11394339,0.01256144,0.17891316,0.47963065000000005,0.07193011,0.030305290000000002
1513841261,0.0028173730710842003,48.141,0.06404305,1.55286983,1.866e-05,0.30621433,12.13986306       ,152.65047111      ,3.67074307,1.859e-05,0.00553923           ,0.11394339,0.01256144,0.17891316,0.47963065000000005,0.07193011,0.030305290000000002
1513841326,0.0028234248928577007,48.146,0.06404305,1.55286983,1.866e-05,0.30621433,12.13986306       ,152.65047111      ,3.67074307,1.859e-05,0.00553923           ,0.11394339,0.01256144,0.17891316,0.47963065000000005,0.07193011,0.030305290000000002
1513841391,0.0028305614038755004,48.15 ,0.06404305,1.55286983,1.866e-05,0.30621433,12.13986306       ,152.65047111      ,3.67074307,1.859e-05,0.00553923           ,0.11394339,0.01256144,0.17891316,0.47963065000000005,0.07193011,0.030305290000000002
1513841455,0.0028252412797348005,48.009,0.06404305,1.55286983,1.866e-05,0.30621433,12.13986306       ,152.65047111      ,3.67074307,1.859e-05,0.00553923           ,0.11394339,0.01256144,0.17891316,0.47963065000000005,0.07193011,0.030305290000000002
1513841520,0.0028207840773060004,47.862,0.06404305,1.55286983,1.866e-05,0.30621433,12.13986306       ,152.65047111      ,3.67074307,1.859e-05,0.00553923           ,0.11394339,0.01256144,0.17891316,0.47963065000000005,0.07193011,0.030305290000000002
1513841585,0.0028226075443747002,47.741,0.06404305,1.55286983,1.866e-05,0.30621433,12.13986306       ,152.65047111      ,3.67074307,1.859e-05,0.00553923           ,0.11394339,0.01256144,0.17891316,0.47963065000000005,0.07193011,0.030305290000000002
1513841651,0.0028232919479667003,47.748,0.06404305,1.55286983,1.866e-05,0.30621433,12.13986306       ,152.65047111      ,3.67074307,1.859e-05,0.00553923           ,0.11394339,0.01256144,0.17891316,0.47963065000000005,0.07193011,0.030305290000000002
1513841717,0.0028221702766043   ,47.635,0.06404305,1.55286983,1.866e-05,0.30621433,12.13986306       ,152.65047111      ,3.67074307,1.859e-05,0.00553923           ,0.11394339,0.01256144,0.17891316,0.47963065000000005,0.07193011,0.030305290000000002
1513841782,0.0028260651874441   ,47.854,0.06404305,1.55286983,1.866e-05,0.30621433,12.13986306       ,152.65047111      ,3.67074307,1.859e-05,0.00553923           ,0.11394339,0.01256144,0.17891316,0.47963065000000005,0.07193011,0.030305290000000002
1513841847,0.0028260248370397998,47.968,0.06404305,1.55286983,1.866e-05,0.30621433,12.13986306       ,152.65047111      ,3.67074307,1.859e-05,0.00553923           ,0.11394339,0.01256144,0.17891316,0.47963065000000005,0.07193011,0.030305290000000002
1513841912,0.0028262138132502004,47.915,0.06404305,1.55286983,1.866e-05,0.30621433,12.13986306       ,152.65047111      ,3.67074307,1.859e-05,0.00553923           ,0.11394339,0.01256144,0.17891316,0.47963065000000005,0.07193011,0.030305290000000002
1513841976,0.0028275657467715003,47.987,0.06404305,1.55286983,1.866e-05,0.30621433,12.13986306       ,152.65047111      ,3.67074307,1.859e-05,0.00553923           ,0.11394339,0.01256144,0.17891316,0.47963065000000005,0.07193011,0.030305290000000002
1513842041,0.0028278123399238   ,48.014,0.06404305,1.55286983,1.866e-05,0.30621433,12.13986306       ,152.65047111      ,3.67074307,1.859e-05,0.00553923           ,0.11394339,0.01256144,0.17891316,0.47963065000000005,0.07193011,0.030305290000000002
1513842106,0.0028305746782684   ,47.966,0.06404305,1.55286983,1.866e-05,0.30621433,12.13986306       ,152.65047111      ,3.67074307,1.859e-05,0.00553923           ,0.11394339,0.01256144,0.17891316,0.47963065000000005,0.07193011,0.030305290000000002
1513842171,0.0028307700285706006,48.022,0.06404305,1.55286983,1.866e-05,0.30621433,12.13986306       ,152.65047111      ,3.67074307,1.859e-05,0.00553923           ,0.11394339,0.01256144,0.17891316,0.47963065000000005,0.07193011,0.030305290000000002
1513842236,0.0028263899310182   ,47.93 ,0.06404305,1.55286983,1.866e-05,0.30621433,12.13986306       ,152.65047111      ,3.67074307,1.859e-05,0.00553923           ,0.11394339,0.01256144,0.17891316,0.47963065000000005,0.07193011,0.030305290000000002
1513842302,0.0028289708116394003,47.961,0.06404305,1.55286983,1.866e-05,0.30621433,12.13986306       ,152.65047111      ,3.67074307,1.859e-05,0.00553923           ,0.11394339,0.01256144,0.17891316,0.47963065000000005,0.07193011,0.030305290000000002
1513842368,0.0028285272735750003,47.869,0.06404305,1.55286983,1.866e-05,0.30621433,12.13986306       ,152.65047111      ,3.67074307,1.859e-05,0.00553923           ,0.11394339,0.01256144,0.17891316,0.47963065000000005,0.07193011,0.030305290000000002
1513842438,0.0028293948011410006,47.983,0.06404305,1.55286983,1.866e-05,0.30621433,12.13986306       ,152.65047111      ,3.67074307,1.859e-05,0.00553923           ,0.11394339,0.01256144,0.17891316,0.47963065000000005,0.07193011,0.030305290000000002
1513842503,0.0028390623670312   ,48.194,0.06404305,1.55286983,1.866e-05,0.30621433,12.13986306       ,156.07913925      ,3.67074307,1.859e-05,0.00553923           ,0.11394339,0.01256144,0.17891316,0.47963065000000005,0.07193011,0.03030529
1513842568,0.0028362751885571006,48.132,0.06404305,1.55286983,1.866e-05,0.30621433,12.13986306       ,156.07913925      ,3.67074307,1.859e-05,0.00553923           ,0.11394339,0.01256144,0.17891316,0.47963065000000005,0.07193011,0.03030529
1513842633,0.0028419937133954   ,48.281,0.06404305,1.55286983,1.866e-05,0.30621433,12.13986306       ,156.07913925      ,3.67074307,1.859e-05,0.00553923           ,0.11394339,0.01256144,0.17891316,0.47963065000000005,0.07193011,0.03030529
1513842698,0.0028392317293040002,48.323,0.06404305,1.55286983,1.866e-05,0.30621433,12.13986306       ,156.07913925      ,3.67074307,1.859e-05,0.00553923           ,0.11394339,0.01256144,0.17891316,0.47963065000000005,0.07193011,0.03030529
1513842763,0.0028398283483934   ,48.211,0.06404305,1.55286983,1.866e-05,0.30621433,12.13986306       ,156.07913925      ,3.67074307,1.859e-05,0.00553923           ,0.11394339,0.01256144,0.17891316,0.47963065000000005,0.07193011,0.03030529
1513842828,0.0028446432667782002,48.316,0.06404305,1.55286983,1.866e-05,0.30621433,12.13986306       ,156.07913925      ,3.67074307,1.859e-05,0.00553923           ,0.11394339,0.01256144,0.17891316,0.47963065000000005,0.07193011,0.03030529
1513842892,0.0028470014454308004,48.438,0.06404305,1.55286983,1.866e-05,0.30621433,12.13986306       ,156.07913925      ,3.67074307,1.859e-05,0.00553923           ,0.11394339,0.01256144,0.17891316,0.47963065000000005,0.07193011,0.03030529
1513842957,0.0028416263389410006,48.389,0.06404305,1.55286983,1.866e-05,0.30621433,12.13986306       ,156.07913925      ,3.67074307,1.859e-05,0.00553923           ,0.11394339,0.01256144,0.17891316,0.47963065000000005,0.07193011,0.03030529
1513843022,0.0028477007627686   ,48.533,0.06404305,1.55286983,1.866e-05,0.30621433,12.13986306       ,156.07913925      ,3.67074307,1.859e-05,0.00553923           ,0.11394339,0.01256144,0.17891316,0.47963065000000005,0.07193011,0.03030529
1513843086,0.0028465848615549004,48.505,0.06404305,1.55286983,1.866e-05,0.30621433,12.13986306       ,156.07913925      ,3.67074307,1.859e-05,0.00553923           ,0.11394339,0.01256144,0.17891316,0.47963065000000005,0.07193011,0.03030529
1513843154,0.0028507577732881997,48.563,0.06404305,1.55286983,1.866e-05,0.30621433,12.13986306       ,156.07913925      ,3.67074307,1.859e-05,0.00553923           ,0.11394339,0.01256144,0.17891316,0.47963065000000005,0.07193011,0.03030529
1513843220,0.0028544756498587003,48.623,0.06404305,1.55286983,1.866e-05,0.30621433,12.13986306       ,156.07913925      ,3.67074307,1.859e-05,0.00553923           ,0.11394339,0.01256144,0.17891316,0.47963065000000005,0.07193011,0.03030529
1513843286,0.0028551179417858996,48.601,0.06404305,1.55286983,1.866e-05,0.30621433,12.13986306       ,156.07913925      ,3.67074307,1.859e-05,0.00553923           ,0.11394339,0.01256144,0.17891316,0.47963065000000005,0.07193011,0.03030529
1513843352,0.0028511551455267   ,48.514,0.06404305,1.55286983,1.866e-05,0.30621433,12.13986306       ,156.07913925      ,3.67074307,1.859e-05,0.00553923           ,0.11394339,0.01256144,0.17891316,0.47963065000000005,0.07193011,0.03030529
1513843418,0.0028536200520029994,48.553,0.06404305,1.55286983,1.866e-05,0.30621433,12.13986306       ,156.07913925      ,3.67074307,1.859e-05,0.00553923           ,0.11394339,0.01256144,0.17891316,0.47963065000000005,0.07193011,0.03030529
1513843483,0.0028554552555833   ,48.586,0.06404305,1.55286983,1.866e-05,0.30621433,12.13986306       ,156.07913925      ,3.67074307,1.859e-05,0.00553923           ,0.11394339,0.01256144,0.17891316,0.47963065000000005,0.07193011,0.03030529
1513843548,0.0028480146632159   ,48.463,0.06404305,1.55286983,1.866e-05,0.30621433,12.13986306       ,156.07913925      ,3.67074307,1.859e-05,0.00553923           ,0.11394339,0.01256144,0.17891316,0.47963065000000005,0.07193011,0.03030529
1513843612,0.0028486891770999998,48.39 ,0.06404305,1.55286983,1.866e-05,0.30621433,12.13986306       ,156.07913925      ,3.67074307,1.859e-05,0.00553923           ,0.11394339,0.01256144,0.17891316,0.47963065000000005,0.07193011,0.03030529
1513843676,0.0028605333110825995,48.638,0.06404305,1.55286983,1.866e-05,0.30621433,12.13986306       ,156.07913925      ,3.67074307,1.859e-05,0.00553923           ,0.11394339,0.01256144,0.17891316,0.47963065000000005,0.07193011,0.03030529
1513843740,0.0028589698301024996,48.629,0.06404305,1.55286983,1.866e-05,0.30621433,12.13986306       ,156.07913925      ,3.67074307,1.859e-05,0.00553923           ,0.11394339,0.01256144,0.17891316,0.47963065000000005,0.07193011,0.03030529
1513843807,0.0028652401834262002,48.643,0.06404305,1.55286983,1.866e-05,0.30621433,12.13986306       ,156.07913925      ,3.67074307,1.859e-05,0.00553923           ,0.11394339,0.01256144,0.17891316,0.47963065000000005,0.07193011,0.03030529
1513843873,0.0028636284417282   ,48.454,0.06404305,1.55286983,1.866e-05,0.30621433,12.13986306       ,156.07913925      ,3.67074307,1.859e-05,0.00553923           ,0.11394339,0.01256144,0.17891316,0.47963065000000005,0.07193011,0.03030529
1513843938,0.0028616472181856997,48.219,0.06404305,1.55286983,1.866e-05,0.30621433,12.13986306       ,156.07913925      ,3.67074307,1.859e-05,0.00553923           ,0.11394339,0.01256144,0.17891316,0.47963065000000005,0.07193011,0.03030529
1513844004,0.0028773631176533003,48.547,0.06404305,1.55286983,1.866e-05,0.30621433,12.13986306       ,156.07913925      ,3.67074307,1.859e-05,0.00553923           ,0.11394339,0.01256144,0.17891316,0.47963065000000005,0.07193011,0.03030529
1513844069,0.0028525847589787002,47.979,0.06404305,1.55286983,1.866e-05,0.30621433,12.13986306       ,156.07913925      ,3.67074307,1.859e-05,0.00553923           ,0.11394339,0.01256144,0.17891316,0.47963065000000005,0.07193011,0.03030529
1513844134,0.0028540820163796997,47.968,0.06404305,1.55286983,1.866e-05,0.30621433,12.13986306       ,156.07913925      ,3.67074307,1.859e-05,0.00553923           ,0.11394339,0.01256144,0.17891316,0.47963065000000005,0.07193011,0.03030529
1513844199,0.0028471546513731995,47.731,0.06404305,1.55286983,1.866e-05,0.30621433,12.13986306       ,156.07913925      ,3.67074307,1.859e-05,0.00553923           ,0.11394339,0.01256144,0.17891316,0.47963065000000005,0.07193011,0.03030529
1513844264,0.0028469197090401   ,47.744,0.06404305,1.55286983,1.866e-05,0.30621433,12.13986306       ,156.07913925      ,3.67074307,1.859e-05,0.00553923           ,0.11394339,0.01256144,0.17891316,0.47963065000000005,0.07193011,0.03030529
1513844329,0.0028607869925815   ,47.98 ,0.06404305,1.61879778,1.866e-05,0.30621433,12.26130036       ,156.07913925      ,3.67074307,1.859e-05,0.00553923           ,0.11394339,0.01256144,0.17891316,0.47963065000000005,0.07193011,0.03030529
1513844395,0.0028644572393892002,48.198,0.06404305,1.61879778,1.866e-05,0.30621433,12.26130036       ,156.07913925      ,3.67074307,1.859e-05,0.00553923           ,0.11394339,0.01256144,0.17891316,0.47963065000000005,0.07193011,0.03030529
1513844459,0.0028732928665648996,48.279,0.06404305,1.61879778,1.866e-05,0.30621433,12.26130036       ,156.07913925      ,3.67074307,1.859e-05,0.00553923           ,0.11394339,0.01256144,0.17891316,0.47963065000000005,0.07193011,0.03030529
1513844524,0.0028742124250424996,48.274,0.06404305,1.61879778,1.866e-05,0.30621433,12.26130036       ,156.07913925      ,3.67074307,1.859e-05,0.00553923           ,0.11394339,0.01256144,0.17891316,0.47963065000000005,0.07193011,0.03030529
1513844590,0.0028704065597062   ,48.222,0.06404305,1.61879778,1.866e-05,0.30621433,12.26130036       ,156.07913925      ,3.67074307,1.859e-05,0.00553923           ,0.11394339,0.01256144,0.17891316,0.47963065000000005,0.07193011,0.03030529
1513844655,0.0028782779883882005,48.4  ,0.06404305,1.61879778,1.866e-05,0.30621433,12.26130036       ,156.07913925      ,3.67074307,1.859e-05,0.00553923           ,0.11394339,0.01256144,0.17891316,0.47963065000000005,0.07193011,0.03030529
1513844720,0.0028797780933389   ,48.346,0.06404305,1.61879778,1.866e-05,0.30621433,12.26130036       ,156.07913925      ,3.67074307,1.859e-05,0.00553923           ,0.11394339,0.01256144,0.17891316,0.47963065000000005,0.07193011,0.03030529
1513844784,0.0028774185093612997,48.357,0.06404305,1.61879778,1.866e-05,0.30621433,12.26130036       ,156.07913925      ,3.67074307,1.859e-05,0.00553923           ,0.11394339,0.01256144,0.17891316,0.47963065000000005,0.07193011,0.03030529
1513844850,0.0028771809412219   ,48.196,0.06404305,1.61879778,1.866e-05,0.30621433,12.26130036       ,156.07913925      ,3.67074307,1.859e-05,0.00553923           ,0.11394339,0.01256144,0.17891316,0.47963065000000005,0.07193011,0.03030529
1513844914,0.002868400879066    ,48.138,0.06404305,1.61879778,1.866e-05,0.30621433,12.26130036       ,156.07913925      ,3.67074307,1.859e-05,0.00553923           ,0.11394339,0.01256144,0.17891316,0.47963065000000005,0.07193011,0.03030529
1513844979,0.0028714715862671   ,48.149,0.06404305,1.61879778,1.866e-05,0.30621433,12.26130036       ,156.07913925      ,3.67074307,1.859e-05,0.00553923           ,0.11394339,0.01256144,0.17891316,0.47963065000000005,0.07193011,0.03030529
1513845045,0.0028641200778710004,47.995,0.06404305,1.61879778,1.866e-05,0.30621433,12.26130036       ,156.07913925      ,3.67074307,1.859e-05,0.00553923           ,0.11394339,0.01256144,0.17891316,0.47963065000000005,0.07193011,0.03030529
1513845110,0.0028647207696661002,48.001,0.06404305,1.61879778,1.866e-05,0.30621433,12.26130036       ,156.07913925      ,3.67074307,1.859e-05,0.00553923           ,0.11394339,0.01256144,0.17891316,0.47963065000000005,0.07193011,0.03030529
1513845174,0.002864932807137    ,47.989,0.06404305,1.61879778,1.866e-05,0.30621433,12.26130036       ,156.07913925      ,3.67074307,1.859e-05,0.00553923           ,0.11394339,0.01256144,0.17891316,0.47963065000000005,0.07193011,0.03030529
1513845239,0.0028654085409652997,47.943,0.06404305,1.61879778,1.866e-05,0.30621433,12.26130036       ,156.07913925      ,3.67074307,1.859e-05,0.00553923           ,0.11394339,0.01256144,0.17891316,0.47963065000000005,0.07193011,0.03030529
1513845305,0.0028622580482263   ,47.916,0.06404305,1.61879778,1.866e-05,0.30621433,12.26130036       ,156.07913925      ,3.67074307,1.859e-05,0.00553923           ,0.11394339,0.01256144,0.17891316,0.47963065000000005,0.07193011,0.03030529
1513845372,0.0028650745365599002,47.968,0.06404305,1.61879778,1.866e-05,0.30621433,12.26130036       ,156.07913925      ,3.67074307,1.859e-05,0.00553923           ,0.11394339,0.01256144,0.17891316,0.47963065000000005,0.07193011,0.03030529
1513845437,0.0028657190586281007,48.049,0.06404305,1.61879778,1.866e-05,0.30621433,12.26130036       ,156.07913925      ,3.67074307,1.859e-05,0.00553923           ,0.11394339,0.01256144,0.17891316,0.47963065000000005,0.07193011,0.03030529
1513845504,0.0028583767754863003,48.0  ,0.06404305,1.61879778,1.866e-05,0.30621433,12.26130036       ,156.07913925      ,3.67074307,1.859e-05,0.00553923           ,0.11394339,0.01256144,0.17891316,0.47963065000000005,0.07193011,0.03030529
1513845568,0.0028625995561827   ,48.179,0.06404305,1.61879778,1.866e-05,0.30621433,12.26130036       ,156.07913925      ,3.67074307,1.859e-05,0.00553923           ,0.11394339,0.01256144,0.17891316,0.47963065000000005,0.07193011,0.03030529
1513845634,0.0028564943999665002,48.252,0.06404305,1.61879778,1.866e-05,0.30621433,12.26130036       ,156.07913925      ,3.67074307,1.859e-05,0.00553923           ,0.11394339,0.01256144,0.17891316,0.47963065000000005,0.07193011,0.03030529
1513845698,0.0028539178835541006,48.196,0.06404305,1.61879778,1.866e-05,0.30621433,12.26130036       ,156.07913925      ,3.67074307,1.859e-05,0.00553923           ,0.11394339,0.01256144,0.17891316,0.47963065000000005,0.07193011,0.03030529
1513845763,0.0028527236720779   ,48.086,0.06404305,1.61879778,1.866e-05,0.30621433,12.26130036       ,156.07913925      ,3.67074307,1.859e-05,0.00553923           ,0.11394339,0.01256144,0.17891316,0.47963065000000005,0.07193011,0.03030529
1513845828,0.0028588575967415006,48.169,0.06404305,1.61879778,1.866e-05,0.30621433,12.26130036       ,156.07913925      ,3.67074307,1.859e-05,0.00553923           ,0.11394339,0.01256144,0.17891316,0.47963065000000005,0.07193011,0.03030529
1513845892,0.0028563130303658   ,48.111,0.06404305,1.61879778,1.866e-05,0.30621433,12.26130036       ,156.07913925      ,3.67074307,1.859e-05,0.00553923           ,0.11394339,0.01256144,0.17891316,0.47963065000000005,0.07193011,0.03030529
1513845957,0.0028624641254932004,48.224,0.06404305,1.61879778,1.866e-05,0.30621433,12.26130036       ,156.07913925      ,3.67074307,1.859e-05,0.00553923           ,0.11394339,0.01256144,0.17891316,0.47963065000000005,0.07193011,0.03030529
1513846022,0.0028561828179185   ,48.009,0.06404305,1.61879778,1.866e-05,0.30621433,12.26130036       ,156.07913925      ,3.67074307,1.859e-05,0.00553923           ,0.11394339,0.01256144,0.17891316,0.47963065000000005,0.07193011,0.03030529
1513846086,0.0028525741258713004,47.969,0.06404305,1.61879778,1.866e-05,0.30621433,12.26130036       ,156.07913925      ,3.67074307,1.859e-05,0.00553923           ,0.11394339,0.01256144,0.17891316,0.47963065000000005,0.07193011,0.03030529
1513846152,0.0028503485403814   ,47.852,0.06404305,1.62741086,1.866e-05,0.30621433,12.301841529999999,156.07913925      ,3.67074307,1.859e-05,0.00553923           ,0.11394339,0.01256144,0.17891316,0.47963065000000005,0.07193011,0.03030529
1513846220,0.0028509526060013003,47.915,0.06404305,1.62741086,1.866e-05,0.30621433,12.301841529999999,156.07913925      ,3.67074307,1.859e-05,0.00553923           ,0.11394339,0.01256144,0.17891316,0.47963065000000005,0.07193011,0.03030529
1513846285,0.0028501410140548003,47.911,0.06404305,1.62741086,1.866e-05,0.30621433,12.301841529999999,156.07913925      ,3.67074307,1.859e-05,0.00553923           ,0.11394339,0.01256144,0.17891316,0.47963065000000005,0.07193011,0.03030529
1513846350,0.0028462587695406   ,47.852,0.06404305,1.62741086,1.866e-05,0.30621433,12.301841529999999,156.07913925      ,3.67074307,1.859e-05,0.00553923           ,0.11394339,0.01256144,0.17891316,0.47963065000000005,0.07193011,0.03030529
1513846414,0.0028431965665602   ,47.806,0.06404305,1.62741086,1.866e-05,0.30621433,12.301841529999999,156.07913925      ,3.67074307,1.859e-05,0.00553923           ,0.11394339,0.01256144,0.17891316,0.47963065000000005,0.07193011,0.03030529
1513846478,0.0028482511108324   ,47.878,0.06404305,1.62741086,1.866e-05,0.30621433,12.301841529999999,156.07913925      ,3.67074307,1.859e-05,0.00553923           ,0.11394339,0.01256144,0.17891316,0.47963065000000005,0.07193011,0.03030529
1513846543,0.0028461738914347   ,47.814,0.06404305,1.62741086,1.866e-05,0.30621433,12.301841529999999,156.07913925      ,3.67074307,1.859e-05,0.00553923           ,0.11394339,0.01256144,0.17891316,0.47963065000000005,0.07193011,0.03030529
1513846607,0.0028552053186213   ,47.95 ,0.06404305,1.62741086,1.866e-05,0.30621433,12.301841529999999,156.07913925      ,3.67074307,1.859e-05,0.00553923           ,0.11394339,0.01256144,0.17891316,0.47963065000000005,0.07193011,0.03030529
1513846671,0.002849822138012    ,47.828,0.06404305,1.62741086,1.866e-05,0.30621433,12.301841529999999,156.07913925      ,3.67074307,1.859e-05,0.00553923           ,0.11394339,0.01256144,0.17891316,0.47963065000000005,0.07193011,0.03030529
1513846736,0.0028498680609539   ,47.757,0.06404305,1.62741086,1.866e-05,0.30621433,12.301841529999999,156.07913925      ,3.67074307,1.859e-05,0.00553923           ,0.11394339,0.01256144,0.17891316,0.47963065000000005,0.07193011,0.03030529
1513846802,0.0028498737639857   ,47.71 ,0.06404305,1.62741086,1.866e-05,0.30621433,12.301841529999999,156.07913925      ,3.67074307,1.859e-05,0.00553923           ,0.11394339,0.01256144,0.17891316,0.47963065000000005,0.07193011,0.03030529
1513846867,0.0028528408534319997,47.758,0.06404305,1.62741086,1.866e-05,0.30621433,12.301841529999999,156.07913925      ,3.67074307,1.859e-05,0.00553923           ,0.11394339,0.01256144,0.17891316,0.47963065000000005,0.07193011,0.03030529
1513846935,0.0028505187618874   ,47.738,0.06404305,1.62741086,1.866e-05,0.30621433,12.301841529999999,156.07913925      ,3.67074307,1.859e-05,0.00553923           ,0.11394339,0.01256144,0.17891316,0.47963065000000005,0.07193011,0.03030529
1513847000,0.0028528837808859   ,47.778,0.06404305,1.62741086,1.866e-05,0.30621433,12.301841529999999,156.07913925      ,3.67074307,1.859e-05,0.00553923           ,0.11394339,0.01256144,0.17891316,0.47963065000000005,0.07193011,0.03030529
1513847066,0.0028626819798032   ,47.939,0.06404305,1.62741086,1.866e-05,0.30621433,12.301841529999999,156.07913925      ,3.67074307,1.859e-05,0.00553923           ,0.11394339,0.01256144,0.17891316,0.47963065000000005,0.07193011,0.03030529
1513847131,0.0028610214215298003,47.93 ,0.06404305,1.62741086,1.866e-05,0.30621433,12.301841529999999,156.07913925      ,3.67074307,1.859e-05,0.00553923           ,0.11394339,0.01256144,0.17891316,0.47963065000000005,0.07193011,0.03030529
1513847196,0.0028618291596371   ,47.978,0.06404305,1.62741086,1.866e-05,0.30621433,12.301841529999999,156.07913925      ,3.67074307,1.859e-05,0.00553923           ,0.11394339,0.01256144,0.17891316,0.47963065000000005,0.07193011,0.03030529
1513847260,0.0028682425033989   ,48.314,0.06404305,1.62741086,1.866e-05,0.30621433,12.301841529999999,156.07913925      ,3.67074307,1.859e-05,0.00553923           ,0.11394339,0.01256144,0.17891316,0.47963065000000005,0.07193011,0.03030529
1513847328,0.0028672222399503   ,48.31 ,0.06404305,1.62741086,1.866e-05,0.30621433,12.301841529999999,156.07913925      ,3.67074307,1.859e-05,0.00553923           ,0.11394339,0.01256144,0.17891316,0.47963065000000005,0.07193011,0.03030529
1513847395,0.0028566149568061   ,48.102,0.06404305,1.62741086,1.866e-05,0.30621433,12.301841529999999,156.07913925      ,3.67074307,1.859e-05,0.00553923           ,0.11394339,0.01256144,0.17891316,0.47963065000000005,0.07193011,0.03030529
1513847459,0.0028550292091387   ,48.119,0.06404305,1.62741086,1.866e-05,0.30621433,12.301841529999999,156.07913925      ,3.67074307,1.859e-05,0.00553923           ,0.11394339,0.01256144,0.17891316,0.47963065000000005,0.07193011,0.03030529
1513847525,0.0028555637530411   ,48.128,0.06404305,1.62741086,1.866e-05,0.30621433,12.301841529999999,156.07913925      ,3.67074307,1.859e-05,0.00553923           ,0.11394339,0.01256144,0.17891316,0.47963065000000005,0.07193011,0.03030529
1513847592,0.0028590512625239995,48.211,0.06404305,1.62741086,1.866e-05,0.30621433,12.301841529999999,156.07913925      ,3.67074307,1.859e-05,0.00553923           ,0.11394339,0.01256144,0.17891316,0.47963065000000005,0.07193011,0.03030529
1513847659,0.002865529591597    ,48.314,0.06404305,1.62741086,1.866e-05,0.30621433,12.301841529999999,156.07913925      ,3.67074307,1.859e-05,0.00553923           ,0.11394339,0.01256144,0.17891316,0.47963065000000005,0.07193011,0.03030529
1513847732,0.0028583153231021   ,48.167,0.06404305,1.62741086,1.866e-05,0.30621433,12.301841529999999,156.07913925      ,3.67074307,1.859e-05,0.00553923           ,0.11394339,0.01256144,0.17891316,0.47963065000000005,0.07193011,0.03030529
1513847798,0.0028650424600436997,48.231,0.06404305,1.62741086,1.866e-05,0.30621433,12.301841529999999,156.07913925      ,3.67074307,1.859e-05,0.00553923           ,0.11394339,0.01256144,0.17891316,0.47963065000000005,0.07193011,0.03030529
1513847862,0.002862794662426    ,48.164,0.06404305,1.62741086,1.866e-05,0.30621433,12.301841529999999,156.07913925      ,3.67074307,1.859e-05,0.00553923           ,0.11394339,0.01256144,0.17891316,0.47963065000000005,0.07193011,0.03030529
1513847926,0.0028660074373583998,48.248,0.06404305,1.62741086,1.866e-05,0.30621433,12.301841529999999,156.07913925      ,3.67074307,1.859e-05,0.00553923           ,0.11394339,0.01256144,0.17891316,0.47963065000000005,0.07193011,0.03030529
1513847992,0.0028728807099840004,48.248,0.06404305,1.62741086,1.866e-05,0.30621433,12.301841529999999,158.80781703999997,3.67074307,1.859e-05,0.00553923           ,0.11394339,0.01256144,0.17891316,0.47963065000000005,0.07193011,0.03030529
1513848057,0.0028720968012992004,48.235,0.06404305,1.62741086,1.866e-05,0.30621433,12.301841529999999,158.80781703999997,3.67074307,1.859e-05,0.00553923           ,0.11394339,0.01256144,0.17891316,0.47963065000000005,0.07193011,0.03030529
1513848121,0.0028760403074544   ,48.402,0.06404305,1.62741086,1.866e-05,0.30621433,12.301841529999999,158.80781703999997,3.67074307,1.859e-05,0.00553923           ,0.11394339,0.01256144,0.17891316,0.47963065000000005,0.07193011,0.03030529
1513848187,0.002875921380444    ,48.371,0.06404305,1.62741086,1.866e-05,0.30621433,12.301841529999999,158.80781703999997,3.67074307,1.859e-05,0.00553923           ,0.11394339,0.01256144,0.17891316,0.47963065000000005,0.07193011,0.03030529
1513848254,0.0028720927152725   ,48.21 ,0.06404305,1.62741086,1.866e-05,0.30621433,12.301841529999999,158.80781703999997,3.67074307,1.859e-05,0.00553923           ,0.11394339,0.01256144,0.17891316,0.47963065000000005,0.07193011,0.03030529
1513848320,0.0028752107523837   ,48.371,0.06404305,1.62741086,1.866e-05,0.30621433,12.301841529999999,158.80781703999997,3.67074307,1.859e-05,0.00553923           ,0.11394339,0.01256144,0.17891316,0.47963065000000005,0.07193011,0.03030529
1513848385,0.0028785712796955   ,48.448,0.06404305,1.62741086,1.866e-05,0.30621433,12.301841529999999,158.80781703999997,3.67074307,1.859e-05,0.00553923           ,0.11394339,0.01256144,0.17891316,0.47963065000000005,0.07193011,0.03030529
1513848454,0.0028849927857018   ,48.541,0.06404305,1.62741086,1.866e-05,0.30621433,12.301841529999999,158.80781703999997,3.67074307,1.859e-05,0.00553923           ,0.11394339,0.01256144,0.17891316,0.47963065000000005,0.07193011,0.03030529
1513848518,0.0028915489415425   ,48.731,0.06404305,1.62741086,1.866e-05,0.30621433,12.301841529999999,158.80781703999997,3.67074307,1.859e-05,0.00553923           ,0.11394339,0.01256144,0.17891316,0.47963065000000005,0.07193011,0.03030529
1513848582,0.0028886343334594   ,48.674,0.06404305,1.62741086,1.866e-05,0.30621433,12.301841529999999,158.80781703999997,3.67074307,1.859e-05,0.00553923           ,0.11394339,0.01256144,0.17891316,0.47963065000000005,0.07193011,0.03030529
1513848648,0.0028876050688858997,48.568,0.06404305,1.62741086,1.866e-05,0.30621433,12.301841529999999,158.80781703999997,3.67074307,1.859e-05,0.00553923           ,0.11394339,0.01256144,0.17891316,0.47963065000000005,0.07193011,0.03030529
1513848712,0.0028848953271589   ,48.577,0.06404305,1.62741086,1.866e-05,0.30621433,12.301841529999999,158.80781703999997,3.67074307,1.859e-05,0.00553923           ,0.11394339,0.01256144,0.17891316,0.47963065000000005,0.07193011,0.03030529
1513848777,0.0028849346960881   ,48.63 ,0.06404305,1.62741086,1.866e-05,0.30621433,12.301841529999999,158.80781703999997,3.67074307,1.859e-05,0.00553923           ,0.11394339,0.01256144,0.17891316,0.47963065000000005,0.07193011,0.03030529
1513848842,0.0028864577065844   ,48.633,0.06404305,1.62741086,1.866e-05,0.30621433,12.301841529999999,158.80781703999997,3.67074307,1.859e-05,0.00553923           ,0.11394339,0.01256144,0.17891316,0.47963065000000005,0.07193011,0.03030529
1513848906,0.0028858470718720994,48.562,0.06404305,1.62741086,1.866e-05,0.30621433,12.301841529999999,158.80781703999997,3.67074307,1.859e-05,0.00553923           ,0.11394339,0.01256144,0.17891316,0.47963065000000005,0.07193011,0.03030529
1513848973,0.0028865200181219996,48.588,0.06404305,1.62741086,1.866e-05,0.30621433,12.301841529999999,158.80781703999997,3.67074307,1.859e-05,0.00553923           ,0.11394339,0.01256144,0.17891316,0.47963065000000005,0.07193011,0.03030529
1513849038,0.0028903759092607003,48.71 ,0.06404305,1.62741086,1.866e-05,0.30621433,12.301841529999999,158.80781703999997,3.67074307,1.859e-05,0.00553923           ,0.11394339,0.01256144,0.17891316,0.47963065000000005,0.07193011,0.03030529
1513849103,0.0028892759685553   ,48.719,0.06404305,1.62741086,1.866e-05,0.30621433,12.301841529999999,158.80781703999997,3.67074307,1.859e-05,0.00553923           ,0.11394339,0.01256144,0.17891316,0.47963065000000005,0.07193011,0.03030529
1513849168,0.002889035438995    ,48.722,0.06404305,1.62741086,1.866e-05,0.30621433,12.301841529999999,158.80781703999997,3.67074307,1.859e-05,0.00553923           ,0.11394339,0.01256144,0.17891316,0.47963065000000005,0.07193011,0.03030529
1513849233,0.0028927199507677   ,48.813,0.06404305,1.62741086,1.866e-05,0.30621433,12.301841529999999,158.80781703999997,3.67074307,1.859e-05,0.00553923           ,0.11394339,0.01256144,0.17891316,0.47963065000000005,0.07193011,0.03030529
1513849298,0.0028921768075362   ,48.731,0.06404305,1.62741086,1.866e-05,0.30621433,12.301841529999999,158.80781703999997,3.67074307,1.859e-05,0.00553923           ,0.11394339,0.01256144,0.17891316,0.47963065000000005,0.07193011,0.03030529
1513849363,0.0028914876339129997,48.768,0.06404305,1.62741086,1.866e-05,0.30621433,12.301841529999999,158.80781703999997,3.67074307,1.859e-05,0.00553923           ,0.11394339,0.01256144,0.17891316,0.47963065000000005,0.07193011,0.03030529
1513849430,0.0028861469408375   ,48.673,0.06404305,1.62741086,1.866e-05,0.30621433,12.301841529999999,158.80781703999997,3.67074307,1.859e-05,0.00553923           ,0.11394339,0.01256144,0.17891316,0.47963065000000005,0.07193011,0.03030529
1513849495,0.0028846775237103004,48.741,0.06404305,1.62741086,1.866e-05,0.30621433,12.301841529999999,158.80781703999997,3.67074307,1.859e-05,0.00553923           ,0.11394339,0.01256144,0.17891316,0.47963065000000005,0.07193011,0.03030529
1513849560,0.0028870061853902   ,48.76 ,0.06404305,1.62741086,1.866e-05,0.30621433,12.301841529999999,158.80781703999997,3.67074307,1.859e-05,0.00553923           ,0.11394339,0.01256144,0.17891316,0.47963065000000005,0.07193011,0.03030529
1513849625,0.0028879541933126   ,48.754,0.06404305,1.62741086,1.866e-05,0.30621433,12.301841529999999,158.80781703999997,3.67074307,1.859e-05,0.00553923           ,0.11394339,0.01256144,0.17891316,0.47963065000000005,0.07193011,0.03030529
1513849695,0.0028892219414310997,48.839,0.06404305,1.62741086,1.866e-05,0.30621433,12.301841529999999,158.80781703999997,3.67074307,1.859e-05,0.00553923           ,0.11394339,0.01256144,0.17891316,0.47963065000000005,0.07193011,0.03030529
1513849761,0.0028816402192794995,48.696,0.06404305,1.62741086,1.866e-05,0.30621433,12.301841529999999,158.80781703999997,3.67074307,1.859e-05,0.00553923           ,0.11394339,0.01256144,0.17891316,0.47963065000000005,0.07193011,0.03030529
1513849829,0.0028780827089684   ,48.595,0.06404305,1.62741086,1.866e-05,0.30621433,12.301841529999999,158.8984002       ,3.67074307,1.859e-05,0.00561789           ,0.11394339,0.01256144,0.17891316,0.47963065         ,0.07193011,0.03030529
1513849899,0.0028892806444542995,48.831,0.06404305,1.62741086,1.866e-05,0.30621433,12.301841529999999,158.8984002       ,3.67074307,1.859e-05,0.00561789           ,0.11394339,0.01256144,0.17891316,0.47963065         ,0.07193011,0.03030529
1513849966,0.0028888817255725003,48.79 ,0.06404305,1.62741086,1.866e-05,0.30621433,12.301841529999999,158.8984002       ,3.67074307,1.859e-05,0.00561789           ,0.11394339,0.01256144,0.17891316,0.47963065         ,0.07193011,0.03030529
1513850031,0.0028960832520094   ,48.829,0.06404305,1.62741086,1.866e-05,0.30621433,12.301841529999999,158.8984002       ,3.67074307,1.859e-05,0.00561789           ,0.11394339,0.01256144,0.17891316,0.47963065         ,0.07193011,0.03030529
1513850096,0.0028947526550488   ,48.801,0.06404305,1.62741086,1.866e-05,0.30621433,12.301841529999999,158.8984002       ,3.67074307,1.859e-05,0.00561789           ,0.11394339,0.01256144,0.17891316,0.47963065         ,0.07193011,0.03030529
1513850162,0.0028882948626274   ,48.55 ,0.06404305,1.62741086,1.866e-05,0.30621433,12.301841529999999,158.8984002       ,3.67074307,1.859e-05,0.00561789           ,0.11394339,0.01256144,0.17891316,0.47963065         ,0.07193011,0.03030529
1513850227,0.0029029417830226   ,48.765,0.06404305,1.62741086,1.866e-05,0.30621433,12.301841529999999,158.8984002       ,3.67074307,1.859e-05,0.00561789           ,0.11394339,0.01256144,0.17891316,0.47963065         ,0.07193011,0.03030529
1513850293,0.0028931851023292995,48.654,0.06404305,1.62741086,1.866e-05,0.30621433,12.301841529999999,158.8984002       ,3.67074307,1.859e-05,0.00561789           ,0.11394339,0.01256144,0.17891316,0.47963065         ,0.07193011,0.03030529
1513850358,0.0029057761223086   ,48.786,0.06404305,1.62741086,1.866e-05,0.30621433,12.301841529999999,158.8984002       ,3.67074307,1.859e-05,0.00561789           ,0.11394339,0.01256144,0.17891316,0.47963065         ,0.07193011,0.03030529
1513850432,0.0029103582016130995,48.874,0.06404305,1.62741086,1.866e-05,0.30621433,12.301841529999999,158.8984002       ,3.67074307,1.859e-05,0.00561789           ,0.11394339,0.01256144,0.17891316,0.47963065         ,0.07193011,0.03030529
1513850498,0.0029070463256272994,48.792,0.06404305,1.62741086,1.866e-05,0.30621433,12.301841529999999,158.8984002       ,3.67074307,1.859e-05,0.00561789           ,0.11394339,0.01256144,0.17891316,0.47963065         ,0.07193011,0.03030529
1513850564,0.0029071068192103   ,48.804,0.06404305,1.62741086,1.866e-05,0.30621433,12.301841529999999,158.8984002       ,3.67074307,1.859e-05,0.00561789           ,0.11394339,0.01256144,0.17891316,0.47963065         ,0.07193011,0.03030529
1513850630,0.0029117980068195004,48.809,0.06404305,1.62741086,1.866e-05,0.30621433,12.301841529999999,158.8984002       ,3.67074307,1.859e-05,0.00561789           ,0.11394339,0.01256144,0.17891316,0.47963065         ,0.07193011,0.03030529
1513850695,0.0029115173649743005,48.725,0.06404305,1.62741086,1.866e-05,0.30621433,12.301841529999999,158.8984002       ,3.67074307,1.859e-05,0.00561789           ,0.11394339,0.01256144,0.17891316,0.47963065         ,0.07193011,0.03030529
1513850760,0.0029103313575641   ,48.675,0.06404305,1.62741086,1.866e-05,0.30621433,12.301841529999999,158.8984002       ,3.67074307,1.859e-05,0.00561789           ,0.11394339,0.01256144,0.17891316,0.47963065         ,0.07193011,0.03030529
1513850826,0.0029081496221735996,48.524,0.06404305,1.62741086,1.866e-05,0.30621433,12.301841529999999,158.8984002       ,3.67074307,1.859e-05,0.00561789           ,0.11394339,0.01256144,0.17891316,0.47963065         ,0.07193011,0.03030529
1513850893,0.0029115486470508   ,48.625,0.06404305,1.62741086,1.866e-05,0.30621433,12.301841529999999,158.8984002       ,3.67074307,1.859e-05,0.00561789           ,0.11394339,0.01256144,0.17891316,0.47963065         ,0.07193011,0.03030529
1513850957,0.0029150012386033996,48.654,0.06404305,1.62741086,1.866e-05,0.30621433,12.301841529999999,158.8984002       ,3.67074307,1.859e-05,0.00561789           ,0.11394339,0.01256144,0.17891316,0.47963065         ,0.07193011,0.03030529
1513851025,0.0029123908011906004,48.493,0.06404305,1.62741086,1.866e-05,0.30621433,12.301841529999999,158.8984002       ,3.67074307,1.859e-05,0.00561789           ,0.11394339,0.01256144,0.17891316,0.47963065         ,0.07193011,0.03030529
1513851090,0.0029260753958677997,48.623,0.06404305,1.62741086,1.866e-05,0.30621433,12.301841529999999,158.8984002       ,3.67074307,1.859e-05,0.00561789           ,0.11394339,0.01256144,0.17891316,0.47963065         ,0.07193011,0.03030529
1513851155,0.0029347416221612   ,48.725,0.06404305,1.62741086,1.866e-05,0.30621433,12.301841529999999,158.8984002       ,3.67074307,1.859e-05,0.00561789           ,0.11394339,0.01256144,0.17891316,0.47963065         ,0.07193011,0.03030529
1513851221,0.0029321593832666   ,48.653,0.06404305,1.62741086,1.866e-05,0.30621433,12.301841529999999,158.8984002       ,3.67074307,1.859e-05,0.00561789           ,0.11394339,0.01256144,0.17891316,0.47963065         ,0.07193011,0.03030529
1513851285,0.0029345676842431998,48.654,0.06404305,1.62741086,1.866e-05,0.30621433,12.301841529999999,158.8984002       ,3.67074307,1.859e-05,0.00561789           ,0.11394339,0.01256144,0.17891316,0.47963065         ,0.07193011,0.03030529
1513851350,0.0029305732170470996,48.639,0.06404305,1.62741086,1.866e-05,0.30621433,12.301841529999999,158.8984002       ,3.67074307,1.859e-05,0.00561789           ,0.11394339,0.01256144,0.17891316,0.47963065         ,0.07193011,0.03030529
1513851414,0.0029256623414801   ,48.479,0.06404305,1.62741086,1.866e-05,0.30621433,12.301841529999999,158.8984002       ,3.67074307,1.859e-05,0.00561789           ,0.11394339,0.01256144,0.17891316,0.47963065         ,0.07193011,0.03030529
1513851479,0.0029337366098606   ,48.602,0.06404305,1.62741086,1.866e-05,0.30621433,12.301841529999999,158.8984002       ,3.67074307,1.859e-05,0.00561789           ,0.11394339,0.01256144,0.17891316,0.47963065         ,0.07193011,0.03030529
1513851546,0.0029350269554745   ,48.627,0.06404305,1.62741086,1.866e-05,0.30621433,12.301841529999999,158.8984002       ,3.67074307,1.859e-05,0.00561789           ,0.11394339,0.01256144,0.17891316,0.47963065         ,0.07193011,0.03030529
1513851615,0.0029289414487718   ,48.542,0.06404305,1.62741086,1.866e-05,0.30621433,12.301841529999999,158.8984002       ,3.67074307,1.859e-05,0.00561789           ,0.11394339,0.01256144,0.17891316,0.47963065         ,0.07193011,0.03030529
1513851680,0.0029515704588698997,48.935,0.06404305,1.62741086,1.866e-05,0.30621433,12.31323211       ,162.02884515      ,3.67074307,1.859e-05,0.00590553           ,0.11394339,0.01256144,0.17891316,0.47963065         ,0.07193011,0.03030529
1513851745,0.0029543564860943   ,48.881,0.06404305,1.62741086,1.866e-05,0.30621433,12.31323211       ,162.02884515      ,3.67074307,1.859e-05,0.00590553           ,0.11394339,0.01256144,0.17891316,0.47963065         ,0.07193011,0.03030529
1513851812,0.0029531626087184   ,48.803,0.06404305,1.62741086,1.866e-05,0.30621433,12.31323211       ,162.02884515      ,3.67074307,1.859e-05,0.00590553           ,0.11394339,0.01256144,0.17891316,0.47963065         ,0.07193011,0.03030529
1513851876,0.0029632916797113   ,48.95 ,0.06404305,1.62741086,1.866e-05,0.30621433,12.31323211       ,162.02884515      ,3.67074307,1.859e-05,0.00590553           ,0.11394339,0.01256144,0.17891316,0.47963065         ,0.07193011,0.03030529
1513851941,0.0029725375558542003,49.099,0.06404305,1.62741086,1.866e-05,0.30621433,12.31323211       ,162.02884515      ,3.67074307,1.859e-05,0.00590553           ,0.11394339,0.01256144,0.17891316,0.47963065         ,0.07193011,0.03030529
1513852007,0.002963876401988999 ,48.807,0.06404305,1.62741086,1.866e-05,0.30621433,12.31323211       ,162.02884515      ,3.67074307,1.859e-05,0.00590553           ,0.11394339,0.01256144,0.17891316,0.47963065         ,0.07193011,0.03030529
1513852072,0.0029654226872315   ,49.049,0.06404305,1.62741086,1.866e-05,0.30621433,12.31323211       ,162.02884515      ,3.67074307,1.859e-05,0.00590553           ,0.11394339,0.01256144,0.17891316,0.47963065         ,0.07193011,0.03030529
1513852136,0.0029637487496874   ,48.926,0.06404305,1.62741086,1.866e-05,0.30621433,12.31323211       ,162.02884515      ,3.67074307,1.859e-05,0.00590553           ,0.11394339,0.01256144,0.17891316,0.47963065         ,0.07193011,0.03030529
1513852203,0.0029616588337393994,48.907,0.06404305,1.62741086,1.866e-05,0.30621433,12.31323211       ,162.02884515      ,3.67074307,1.859e-05,0.00590553           ,0.11394339,0.01256144,0.17891316,0.47963065         ,0.07193011,0.03030529
1513852272,0.0029669754178983996,49.08 ,0.06404305,1.62741086,1.866e-05,0.30621433,12.31323211       ,162.02884515      ,3.67074307,1.859e-05,0.00590553           ,0.11394339,0.01256144,0.17891316,0.47963065         ,0.07193011,0.03030529
1513852339,0.0029690164179234997,49.174,0.06404305,1.62741086,1.866e-05,0.30621433,12.31323211       ,162.02884515      ,3.67074307,1.859e-05,0.00590553           ,0.11394339,0.01256144,0.17891316,0.47963065         ,0.07193011,0.03030529
1513852405,0.0029672457194137   ,49.136,0.06404305,1.62741086,1.866e-05,0.30621433,12.31323211       ,162.02884515      ,3.67074307,1.859e-05,0.00590553           ,0.11394339,0.01256144,0.17891316,0.47963065         ,0.07193011,0.03030529
1513852471,0.0029702250399734997,49.256,0.06404305,1.62741086,1.866e-05,0.30621433,12.31323211       ,162.02884515      ,3.67074307,1.859e-05,0.00590553           ,0.11394339,0.01256144,0.17891316,0.47963065         ,0.07193011,0.03030529
1513852537,0.0029698385273182995,49.197,0.06404305,1.62741086,1.866e-05,0.30621433,12.31323211       ,162.02884515      ,3.67074307,1.859e-05,0.00590553           ,0.11394339,0.01256144,0.17891316,0.47963065         ,0.07193011,0.03030529
1513852602,0.0029724143471157   ,49.224,0.06404305,1.62741086,1.866e-05,0.30621433,12.31323211       ,162.02884515      ,3.67074307,1.859e-05,0.00590553           ,0.11394339,0.01256144,0.17891316,0.47963065         ,0.07193011,0.03030529
1513852668,0.0029762388612449   ,49.304,0.06404305,1.62741086,1.866e-05,0.30621433,12.31323211       ,162.02884515      ,3.67074307,1.859e-05,0.00590553           ,0.11394339,0.01256144,0.17891316,0.47963065         ,0.07193011,0.03030529
1513852732,0.0029759671991103995,49.3  ,0.06404305,1.62741086,1.866e-05,0.30621433,12.31323211       ,162.02884515      ,3.67074307,1.859e-05,0.00590553           ,0.11394339,0.01256144,0.17891316,0.47963065         ,0.07193011,0.03030529
1513852797,0.0029697441261387   ,49.15 ,0.06404305,1.62741086,1.866e-05,0.30621433,12.31323211       ,162.02884515      ,3.67074307,1.859e-05,0.00590553           ,0.11394339,0.01256144,0.17891316,0.47963065         ,0.07193011,0.03030529
1513852863,0.0029734604782449   ,49.133,0.06404305,1.62741086,1.866e-05,0.30621433,12.31323211       ,162.02884515      ,3.67074307,1.859e-05,0.00590553           ,0.11394339,0.01256144,0.17891316,0.47963065         ,0.07193011,0.03030529
1513852935,0.0029825974585631   ,49.284,0.06404305,1.62741086,1.866e-05,0.30621433,12.31323211       ,162.02884515      ,3.67074307,1.859e-05,0.00590553           ,0.11394339,0.01256144,0.17891316,0.47963065         ,0.07193011,0.03030529
1513853001,0.0029798805252187997,49.176,0.06404305,1.62741086,1.866e-05,0.30621433,12.31323211       ,162.02884515      ,3.67074307,1.859e-05,0.00590553           ,0.11394339,0.01256144,0.17891316,0.47963065         ,0.07193011,0.03030529
1513853066,0.0029847157255764   ,49.237,0.06404305,1.62741086,1.866e-05,0.30621433,12.31323211       ,162.02884515      ,3.67074307,1.859e-05,0.00590553           ,0.11394339,0.01256144,0.17891316,0.47963065         ,0.07193011,0.03030529
1513853135,0.0029781062460855997,49.184,0.06404305,1.62741086,1.866e-05,0.30621433,12.31323211       ,162.02884515      ,3.67074307,1.859e-05,0.00590553           ,0.11394339,0.01256144,0.17891316,0.47963065         ,0.07193011,0.03030529
1513853203,0.0029885723655511   ,49.331,0.06404305,1.62741086,1.866e-05,0.30621433,12.31323211       ,162.02884515      ,3.67074307,1.859e-05,0.00590553           ,0.11394339,0.01256144,0.17891316,0.47963065         ,0.07193011,0.03030529
1513853268,0.0029811971889193   ,49.196,0.06404305,1.62741086,1.866e-05,0.30621433,12.31323211       ,162.02884515      ,3.67074307,1.859e-05,0.00590553           ,0.11394339,0.01256144,0.17891316,0.47963065         ,0.07193011,0.03030529
1513853332,0.0029865566461604   ,49.255,0.06404305,1.62741086,1.866e-05,0.30621433,12.31323211       ,162.02884515      ,3.67074307,1.859e-05,0.00590553           ,0.11394339,0.01256144,0.17891316,0.47963065         ,0.07193011,0.03030529
1513853397,0.0029971114605015997,49.521,0.06404305,1.62741086,1.866e-05,0.30621433,12.31323211       ,162.02884515      ,3.67074307,1.859e-05,0.00590553           ,0.11394339,0.01256144,0.17891316,0.47963065         ,0.07193011,0.03030529
1513853463,0.0029931965010756996,49.544,0.06404305,1.62741086,1.866e-05,0.30621433,12.31323211       ,162.02884515      ,3.67074307,1.859e-05,0.00590553           ,0.11394339,0.01256144,0.17891316,0.47963065         ,0.07193011,0.03030529
1513853528,0.0030047556037637   ,49.77 ,0.06404305,1.62741086,1.866e-05,0.30621433,12.55960453       ,162.74589802      ,3.67074307,1.859e-05,0.0060320700000000005,0.11394339,0.01256144,0.17891316,0.47963065         ,0.07193011,0.03030529
1513853594,0.0030075153854956   ,49.697,0.06404305,1.62741086,1.866e-05,0.30621433,12.55960453       ,162.74589802      ,3.67074307,1.859e-05,0.0060320700000000005,0.11394339,0.01256144,0.17891316,0.47963065         ,0.07193011,0.03030529
1513853659,0.0029971095808016   ,49.528,0.06404305,1.62741086,1.866e-05,0.30621433,12.55960453       ,162.74589802      ,3.67074307,1.859e-05,0.0060320700000000005,0.11394339,0.01256144,0.17891316,0.47963065         ,0.07193011,0.03030529
1513853725,0.0029813892998006002,49.312,0.06404305,1.62741086,1.866e-05,0.30621433,12.55960453       ,162.74589802      ,3.67074307,1.859e-05,0.0060320700000000005,0.11394339,0.01256144,0.17891316,0.47963065         ,0.07193011,0.03030529
1513853791,0.0029896648097668998,49.533,0.06404305,1.62741086,1.866e-05,0.30621433,12.55960453       ,162.74589802      ,3.67074307,1.859e-05,0.0060320700000000005,0.11394339,0.01256144,0.17891316,0.47963065         ,0.07193011,0.03030529
1513853858,0.0029898773745770002,49.548,0.06404305,1.62741086,1.866e-05,0.30621433,12.55960453       ,162.74589802      ,3.67074307,1.859e-05,0.0060320700000000005,0.11394339,0.01256144,0.17891316,0.47963065         ,0.07193011,0.03030529
1513853924,0.0029931230803646   ,49.679,0.06404305,1.62741086,1.866e-05,0.30621433,12.55960453       ,162.74589802      ,3.67074307,1.859e-05,0.0060320700000000005,0.11394339,0.01256144,0.17891316,0.47963065         ,0.07193011,0.03030529
1513853994,0.0029944722138236   ,49.713,0.06404305,1.62741086,1.866e-05,0.30621433,12.55960453       ,162.74589802      ,3.67074307,1.859e-05,0.0060320700000000005,0.11394339,0.01256144,0.17891316,0.47963065         ,0.07193011,0.03030529
1513854066,0.0029916990206249   ,49.671,0.06404305,1.62741086,1.866e-05,0.30621433,12.55960453       ,162.74589802      ,3.67074307,1.859e-05,0.0060320700000000005,0.11394339,0.01256144,0.17891316,0.47963065         ,0.07193011,0.03030529
1513854135,0.0029937172163021   ,49.747,0.06404305,1.62741086,1.866e-05,0.30621433,12.55960453       ,162.74589802      ,3.67074307,1.859e-05,0.0060320700000000005,0.11394339,0.01256144,0.17891316,0.47963065         ,0.07193011,0.03030529
1513854203,0.0029877641597228   ,49.784,0.06404305,1.62741086,1.866e-05,0.30621433,12.55960453       ,162.74589802      ,3.67074307,1.859e-05,0.0060320700000000005,0.11394339,0.01256144,0.17891316,0.47963065         ,0.07193011,0.03030529
1513854276,0.0029945458014879996,49.959,0.06404305,1.62741086,1.866e-05,0.30621433,12.55960453       ,162.74589802      ,3.67074307,1.859e-05,0.0060320700000000005,0.11394339,0.01256144,0.17891316,0.47963065         ,0.07193011,0.03030529
1513854344,0.0029948907581471   ,50.004,0.06404305,1.62741086,1.866e-05,0.30621433,12.55960453       ,162.74589802      ,3.67074307,1.859e-05,0.0060320700000000005,0.11394339,0.01256144,0.17891316,0.47963065         ,0.07193011,0.03030529
1513854409,0.0029959157744428996,50.093,0.06404305,1.62741086,1.866e-05,0.30621433,12.55960453       ,162.74589802      ,3.67074307,1.859e-05,0.0060320700000000005,0.11394339,0.01256144,0.17891316,0.47963065         ,0.07193011,0.03030529
1513854474,0.0029970906027312993,50.082,0.06404305,1.62741086,1.866e-05,0.30621433,12.55960453       ,162.74589802      ,3.67074307,1.859e-05,0.0060320700000000005,0.11394339,0.01256144,0.17891316,0.47963065         ,0.07193011,0.03030529
1513854539,0.0029951657289422   ,50.131,0.06404305,1.62741086,1.866e-05,0.30621433,12.55960453       ,162.74589802      ,3.67074307,1.859e-05,0.0060320700000000005,0.11394339,0.01256144,0.17891316,0.47963065         ,0.07193011,0.03030529
1513854605,0.0029961192565259   ,50.18 ,0.06404305,1.62741086,1.866e-05,0.30621433,12.55960453       ,162.74589802      ,3.67074307,1.859e-05,0.0060320700000000005,0.11394339,0.01256144,0.17891316,0.47963065         ,0.07193011,0.03030529
1513854671,0.0030008339526421002,50.213,0.06404305,1.62741086,1.866e-05,0.30621433,12.55960453       ,162.74589802      ,3.67074307,1.859e-05,0.0060320700000000005,0.11394339,0.01256144,0.17891316,0.47963065         ,0.07193011,0.03030529
1513854739,0.0030013169364841007,50.188,0.06404305,1.62741086,1.866e-05,0.30621433,12.55960453       ,162.74589802      ,3.67074307,1.859e-05,0.0060320700000000005,0.11394339,0.01256144,0.17891316,0.47963065         ,0.07193011,0.03030529
1513854805,0.0030024142391712003,50.117,0.06404305,1.62741086,1.866e-05,0.30621433,12.55960453       ,162.74589802      ,3.67074307,1.859e-05,0.0060320700000000005,0.11394339,0.01256144,0.17891316,0.47963065         ,0.07193011,0.03030529
1513854870,0.0029932495379879002,49.962,0.06404305,1.62741086,1.866e-05,0.30621433,12.55960453       ,162.74589802      ,3.67074307,1.859e-05,0.0060320700000000005,0.11394339,0.01256144,0.17891316,0.47963065         ,0.07193011,0.03030529
1513854943,0.0029991040926257   ,50.08 ,0.06404305,1.62741086,1.866e-05,0.30621433,12.55960453       ,162.74589802      ,3.67074307,1.859e-05,0.0060320700000000005,0.11394339,0.01256144,0.17891316,0.47963065         ,0.07193011,0.03030529
1513855008,0.0030026263241035   ,50.117,0.06404305,1.62741086,1.866e-05,0.30621433,12.55960453       ,162.74589802      ,3.67074307,1.859e-05,0.0060320700000000005,0.11394339,0.01256144,0.17891316,0.47963065         ,0.07193011,0.03030529
1513855072,0.003001466063701    ,50.084,0.06404305,1.62741086,1.866e-05,0.30621433,12.55960453       ,162.74589802      ,3.67074307,1.859e-05,0.0060320700000000005,0.11394339,0.01256144,0.17891316,0.47963065         ,0.07193011,0.03030529
1513855138,0.0030029181563798997,50.109,0.06404305,1.62741086,1.866e-05,0.30621433,12.55960453       ,162.74589802      ,3.67074307,1.859e-05,0.0060320700000000005,0.11394339,0.01256144,0.17891316,0.47963065         ,0.07193011,0.03030529
1513855204,0.0030065109681106004,50.159,0.06404305,1.62741086,1.866e-05,0.30621433,12.55960453       ,162.74589802      ,3.67074307,1.859e-05,0.0060320700000000005,0.11394339,0.01256144,0.17891316,0.47963065         ,0.07193011,0.03030529
1513855270,0.003018271845143    ,50.33 ,0.06404305,1.62741086,1.866e-05,0.30621433,12.55960453       ,162.74589802      ,3.67074307,1.859e-05,0.0060320700000000005,0.11394339,0.01256144,0.17891316,0.47963065         ,0.07193011,0.03030529
1513855337,0.0030176757503615004,50.324,0.06404305,1.62741086,1.866e-05,0.30621433,12.592612010000002,162.74589802      ,3.67074307,1.859e-05,0.00603207           ,0.11394339,0.01256144,0.17891316,0.47963065         ,0.07193011,0.03030529
1513855403,0.0030083939225960996,50.133,0.06404305,1.62741086,1.866e-05,0.30621433,12.592612010000002,162.74589802      ,3.67074307,1.859e-05,0.00603207           ,0.11394339,0.01256144,0.17891316,0.47963065         ,0.07193011,0.03030529
1513855469,0.0030071989609925004,50.14 ,0.06404305,1.62741086,1.866e-05,0.30621433,12.592612010000002,162.74589802      ,3.67074307,1.859e-05,0.00603207           ,0.11394339,0.01256144,0.17891316,0.47963065         ,0.07193011,0.03030529
1513855537,0.0030087818226179   ,50.065,0.06404305,1.62741086,1.866e-05,0.30621433,12.592612010000002,162.74589802      ,3.67074307,1.859e-05,0.00603207           ,0.11394339,0.01256144,0.17891316,0.47963065         ,0.07193011,0.03030529
1513855602,0.0030084957392615   ,50.148,0.06404305,1.62741086,1.866e-05,0.30621433,12.592612010000002,162.74589802      ,3.67074307,1.859e-05,0.00603207           ,0.11394339,0.01256144,0.17891316,0.47963065         ,0.07193011,0.03030529
1513855670,0.0029912718793478   ,49.802,0.06404305,1.62741086,1.866e-05,0.30621433,12.592612010000002,162.74589802      ,3.67074307,1.859e-05,0.00603207           ,0.11394339,0.01256144,0.17891316,0.47963065         ,0.07193011,0.03030529
1513855735,0.0029903773581651   ,49.779,0.06404305,1.62741086,1.866e-05,0.30621433,12.592612010000002,162.74589802      ,3.67074307,1.859e-05,0.00603207           ,0.11394339,0.01256144,0.17891316,0.47963065         ,0.07193011,0.03030529
1513855805,0.0029941670170716005,49.824,0.06404305,1.62741086,1.866e-05,0.30621433,12.592612010000002,162.74589802      ,3.67074307,1.859e-05,0.00603207           ,0.11394339,0.01256144,0.17891316,0.47963065         ,0.07193011,0.03030529
1513855873,0.0029938994673988995,49.783,0.06404305,1.62741086,1.866e-05,0.30621433,12.592612010000002,162.74589802      ,3.67074307,1.859e-05,0.00603207           ,0.11394339,0.01256144,0.17891316,0.47963065         ,0.07193011,0.03030529
1513855939,0.0030037747283938   ,49.958,0.06404305,1.62741086,1.866e-05,0.30621433,12.592612010000002,162.74589802      ,3.67074307,1.859e-05,0.00603207           ,0.11394339,0.01256144,0.17891316,0.47963065         ,0.07193011,0.03030529
1513856015,0.0030079922813039   ,49.949,0.06404305,1.62741086,1.866e-05,0.30621433,12.592612010000002,162.74589802      ,3.67074307,1.859e-05,0.00603207           ,0.11394339,0.01256144,0.17891316,0.47963065         ,0.07193011,0.03030529
1513856080,0.0030081040880595   ,49.936,0.06404305,1.62741086,1.866e-05,0.30621433,12.592612010000002,162.74589802      ,3.67074307,1.859e-05,0.00603207           ,0.11394339,0.01256144,0.17891316,0.47963065         ,0.07193011,0.03030529
1513856149,0.0030109158464871   ,49.957,0.06404305,1.62741086,1.866e-05,0.30621433,12.592612010000002,162.74589802      ,3.67074307,1.859e-05,0.00603207           ,0.11394339,0.01256144,0.17891316,0.47963065         ,0.07193011,0.03030529
1513856213,0.0030066156999499004,49.884,0.06404305,1.62741086,1.866e-05,0.30621433,12.592612010000002,162.74589802      ,3.67074307,1.859e-05,0.00603207           ,0.11394339,0.01256144,0.17891316,0.47963065         ,0.07193011,0.03030529
1513856279,0.0030088248115669   ,50.03 ,0.06404305,1.62741086,1.866e-05,0.30621433,12.592612010000002,162.74589802      ,3.67074307,1.859e-05,0.00603207           ,0.11394339,0.01256144,0.17891316,0.47963065         ,0.07193011,0.03030529
1513856345,0.0030042941408958005,50.018,0.06404305,1.62741086,1.866e-05,0.30621433,12.592612010000002,162.74589802      ,3.67074307,1.859e-05,0.00603207           ,0.11394339,0.01256144,0.17891316,0.47963065         ,0.07193011,0.03030529
1513856413,0.003004878152769    ,49.929,0.06404305,1.62741086,1.866e-05,0.30621433,12.592612010000002,162.74589802      ,3.67074307,1.859e-05,0.00603207           ,0.11394339,0.01256144,0.17891316,0.47963065         ,0.07193011,0.03030529
1513856481,0.0030027671364306003,49.872,0.06404305,1.62741086,1.866e-05,0.30621433,12.592612010000002,162.74589802      ,3.67074307,1.859e-05,0.00603207           ,0.11394339,0.01256144,0.17891316,0.47963065         ,0.07193011,0.03030529
1513856547,0.0030040538478602   ,49.85 ,0.06404305,1.62741086,1.866e-05,0.30621433,12.592612010000002,162.74589802      ,3.67074307,1.859e-05,0.00603207           ,0.11394339,0.01256144,0.17891316,0.47963065         ,0.07193011,0.03030529
1513856618,0.0030093004839271   ,49.835,0.06404305,1.62741086,1.866e-05,0.30621433,12.592612010000002,162.74589802      ,3.67074307,1.859e-05,0.00603207           ,0.11394339,0.01256144,0.17891316,0.47963065         ,0.07193011,0.03030529
1513856684,0.0030128448877197998,49.844,0.06404305,1.62741086,1.866e-05,0.30621433,12.592612010000002,162.74589802      ,3.67074307,1.859e-05,0.00603207           ,0.11394339,0.01256144,0.17891316,0.47963065         ,0.07193011,0.03030529
1513856750,0.0030079795816065997,49.739,0.06404305,1.62741086,1.866e-05,0.30621433,12.592612010000002,162.74589802      ,3.67074307,1.859e-05,0.00603207           ,0.11394339,0.01256144,0.17891316,0.47963065         ,0.07193011,0.03030529
1513856816,0.0030071840730216   ,49.727,0.06404305,1.62741086,1.866e-05,0.30621433,12.592612010000002,162.74589802      ,3.67074307,1.859e-05,0.00603207           ,0.11394339,0.01256144,0.17891316,0.47963065         ,0.07193011,0.03030529
1513856880,0.0030048204738840002,49.615,0.06404305,1.62741086,1.866e-05,0.30621433,12.592612010000002,162.74589802      ,3.67074307,1.859e-05,0.00603207           ,0.11394339,0.01256144,0.17891316,0.47963065         ,0.07193011,0.03030529
1513856948,0.003005042642092    ,49.69 ,0.06404305,1.62741086,1.866e-05,0.30621433,12.592612010000002,162.74589802      ,3.67074307,1.859e-05,0.00603207           ,0.11394339,0.01256144,0.17891316,0.47963065         ,0.07193011,0.03030529
